Date,Player,Shoe Name,Points,Rebounds,Assists,Steals,Blocks,Minutes
2023-05-25,Al Horford,Nike PG 6,6,11,5,1,1,29
2023-05-25,Bam Adebayo,Air Jordan 36 Low,16,8,3,2,1,31
2023-05-25,Caleb Martin,Nike KD 14,14,5,0,0,0,31
2023-05-25,Cody Zeller,Air Jordan 37,4,2,0,0,0,4
2023-05-25,Derrick White,Nike LeBron XX,24,3,1,2,0,37
2023-05-25,Duncan Robinson,Nike KD 14,18,4,9,0,0,27
2023-05-25,Grant Williams,Jordan Luka 1,6,4,0,0,1,26
2023-05-25,Haywood Highsmith,Nike Kobe 6,15,2,1,2,0,36
2023-05-25,Jaylen Brown,Nike Kobe 6,21,2,2,3,0,36
2023-05-25,Jayson Tatum,Jordan Tatum 1,21,8,11,2,0,40
2023-05-25,Jimmy Butler,Li-Ning JB1,14,5,5,2,0,33
2023-05-25,Justin Champagnie,Nike Air Zoom G.T. Cut 2,0,0,0,0,0,2
2023-05-25,Kevin Love,Nike Air Zoom G.T. Run,6,6,0,0,0,13
2023-05-25,Kyle Lowry,adidas CrazyLight Boost 2016 Low,5,2,1,0,0,30
2023-05-25,Luke Kornet,Nike LeBron 17,0,0,0,0,1,3
2023-05-25,Malcolm Brogdon,Nike Zoom Freak 1,0,0,0,0,0,7
2023-05-25,Marcus Smart,Puma TRC Blaze,23,3,2,5,0,29
2023-05-25,Max Strus,Nike Air Zoom G.T. Cut,3,0,1,0,0,24
2023-05-25,Nikola Jovic,adidas Harden Vol. 3,0,0,0,0,0,3
2023-05-25,Omer Yurtseven,Nike LeBron XX,2,2,0,0,1,3
2023-05-25,Payton Pritchard,Nike Kobe IV Protro,0,1,1,0,0,4
2023-05-25,Robert Williams III,Nike LeBron 18 Low,6,4,1,0,1,17
2023-05-25,Sam Hauser,Nike KD 15,3,1,0,0,0,3
2023-05-23,Alyssa Thomas,Nike Kobe IV Protro,22,10,5,2,0,35
2023-05-23,Amanda Zahui B.,adidas BYW Select,0,0,0,0,0,1
2023-05-23,Ariel Atkins,Nike LeBron XX,7,2,3,1,0,22
2023-05-23,Brionna Jones,Nike KD 14,12,6,1,0,1,23
2023-05-23,Brittney Sykes,Nike Air Zoom G.T. Cut 2,17,7,4,1,0,32
2023-05-23,DeWanna Bonner,Nike Zoom Freak 4,15,1,4,2,1,31
2023-05-23,Elena Delle Donne,Nike Air Deldon 1,27,7,4,0,1,35
2023-05-23,Kristi Toliver,Nike Kobe 6,1,0,0,0,0,11
2023-05-23,Lauren Cox,Nike Hyperdunk X,0,0,0,0,0,0
2023-05-23,Leigha Brown,Jordan Luka 1,0,1,0,0,0,5
2023-05-23,Li Meng,Nike LeBron XX,0,0,0,0,0,2
2023-05-23,Natasha Cloud,Converse All Star BB Evo Low,9,1,3,0,0,33
2023-05-23,Natisha Hiedeman,Air Jordan 36,13,3,1,2,0,37
2023-05-23,Olivia Nelson-Ododa,Nike Kyrie Low 4,8,2,1,0,2,15
2023-05-23,Rebecca Allen,Nike LeBron XX,2,4,0,1,0,13
2023-05-23,Shakira Austin,Nike Air Zoom G.T. Cut 2,14,8,1,3,0,27
2023-05-23,Shatori Walker-Kimbrough,Nike Air Deldon 1,0,1,1,0,0,17
2023-05-23,Tianna Hawkins,Nike Air Deldon 1,6,7,2,0,0,15
2023-05-23,Tiffany Hayes,Nike Kyrie Low 5,13,3,8,1,0,30
2023-05-23,Tyasha Harris,Under Armour Spawn 5,3,0,1,1,0,6
2023-05-23,Aari McDonald,Nike LeBron XX,6,3,6,0,0,30
2023-05-23,Aerial Powers,Jordan Tatum 1,10,2,0,0,0,8
2023-05-23,Allisha Gray,Nike Air Zoom G.T. Cut 2,26,10,1,1,2,34
2023-05-23,Asia (AD) Durr,Air Jordan 36,7,0,3,0,0,16
2023-05-23,Bridget Carleton,Nike Air Zoom G.T. Cut 2,0,0,0,0,0,4
2023-05-23,Cheyenne Parker,Nike Giannis Immortality 2,12,2,2,1,1,24
2023-05-23,Diamond Miller,Under Armour Flow FUTR X 2,8,1,3,3,0,22
2023-05-23,Dorka Juhász,Nike KD 14,0,4,2,3,0,13
2023-05-23,Haley Jones,Nike Air Zoom G.T. Cut 2,2,4,2,1,0,9
2023-05-23,Jessica Shepard,Nike PG 6,8,10,4,0,0,31
2023-05-23,Kayla McBride,Nike Kobe 6,8,5,3,1,0,33
2023-05-23,Lindsay Allen,Nike Kyrie Low 5,8,3,3,0,0,30
2023-05-23,Monique Billings,Nike Air Zoom G.T. Jump,6,4,1,0,0,18
2023-05-23,Napheesa Collier,Nike Kobe IV Protro,20,5,5,2,1,24
2023-05-23,Naz Hillmon,Nike Air Zoom G.T. Cut 2,13,4,0,0,0,19
2023-05-23,Nia Coffey,Nike Kyrie 7,3,2,0,0,2,16
2023-05-23,Nikolina Milic,Nike PG 5,5,0,0,0,0,2
2023-05-23,Rachel Banham,Nike Kobe V,0,0,0,0,0,0
2023-05-23,Rhyne Howard,Jordan Luka 1,8,4,6,3,1,28
2023-05-23,Tiffany Mitchell,Nike Kobe 8,10,3,3,1,0,26
2023-05-23,Al Horford,Nike PG 6,12,7,4,0,1,25
2023-05-23,Bam Adebayo,Jordan One Take II,10,5,0,1,0,35
2023-05-23,Caleb Martin,Nike KD 14,16,4,1,0,1,35
2023-05-23,Cody Zeller,Air Jordan 37,5,3,0,0,0,12
2023-05-23,Derrick White,Nike LeBron XX,16,2,2,2,2,27
2023-05-23,Duncan Robinson,Nike KD 14,2,1,1,0,0,10
2023-05-23,Gabe Vincent,Nike LeBron XX,17,1,4,0,0,27
2023-05-23,Grant Williams,Jordan Luka 1,14,6,2,1,1,29
2023-05-23,Haywood Highsmith,Nike Kobe 6,0,0,0,0,0,1
2023-05-23,Jaylen Brown,Nike Kobe 6,17,4,4,2,0,37
2023-05-23,Jayson Tatum,Jordan Tatum 1,33,11,7,1,2,42
2023-05-23,Jimmy Butler,Li-Ning JB1,29,9,5,1,1,38
2023-05-23,Justin Champagnie,Nike PG 6,0,0,0,0,0,1
2023-05-23,Kevin Love,Nike Air Zoom G.T. Run,6,4,0,1,0,11
2023-05-23,Kyle Lowry,adidas CrazyLight Boost 2016 Low,5,8,6,2,0,27
2023-05-23,Luke Kornet,Nike Air Zoom G.T. Jump,0,0,0,0,0,1
2023-05-23,Malcolm Brogdon,Nike Zoom Freak 1,2,5,3,0,0,16
2023-05-23,Marcus Smart,Puma TRC Blaze,11,3,6,2,0,35
2023-05-23,Max Strus,Nike Air Zoom G.T. Cut,9,7,1,0,0,35
2023-05-23,Mike Muscala,Nike KD 15,0,0,0,0,0,1
2023-05-23,Nikola Jovic,adidas Harden Vol. 3,0,1,0,0,0,1
2023-05-23,Omer Yurtseven,Nike LeBron XX,0,1,0,0,0,1
2023-05-23,Payton Pritchard,Nike Kobe IV Protro,4,0,0,0,0,1
2023-05-23,Robert Williams III,Nike LeBron 18 Low,7,1,0,0,2,21
2023-05-23,Sam Hauser,Nike KD 15,0,0,0,0,0,1
2023-05-22,Aaron Gordon,361 AG3,22,6,5,0,2,40
2023-05-22,Anthony Davis,Nike LeBron XX,21,14,1,1,3,40
2023-05-22,Austin Reaves,Rigorer War Ender,17,2,3,0,0,40
2023-05-22,Bruce Brown,Nike Kobe 6,6,2,0,0,0,20
2023-05-22,D'Angelo Russell,Li-Ning Way Of Wade 10,4,2,2,0,1,14
2023-05-22,Dennis Schroder,Puma Fusion Nitro Spectra,13,2,5,2,0,38
2023-05-22,Jamal Murray,New Balance Two WXY 3,25,3,5,2,1,43
2023-05-22,Jeff Green,Air Jordan 37 Low,2,1,0,0,1,10
2023-05-22,Kentavious Caldwell-Pope,Nike Kobe 6,13,4,1,0,1,39
2023-05-22,LeBron James,Nike LeBron XX,40,10,9,2,0,47
2023-05-22,Lonnie Walker IV,adidas Harden Vol. 7,2,0,0,0,0,6
2023-05-22,Michael Porter Jr.,Nike PG 5,15,10,1,0,1,40
2023-05-22,Nikola Jokic,Nike Air Zoom G.T. Jump,30,14,13,1,3,45
2023-05-22,Rui Hachimura,Air Jordan 36,10,7,0,0,0,41
2023-05-22,Tristan Thompson,Nike LeBron XX,4,1,0,0,0,9
2023-05-21,Alanna Smith,Nike Cosmic Unity 2,6,3,0,0,1,16
2023-05-21,Brianna Turner,Nike LeBron XX,1,10,3,1,1,22
2023-05-21,Brittney Griner,Nike Air Zoom G.T. Jump,27,10,1,1,4,31
2023-05-21,Courtney Williams,Moolah Neovolt Pro,12,6,7,0,0,36
2023-05-21,Dana Evans,Jordan Tatum 1,13,4,5,0,0,33
2023-05-21,Diana Taurasi,Nike LeBron 17,16,1,6,0,1,33
2023-05-21,Elizabeth Williams,adidas Dame 8,10,8,3,2,0,26
2023-05-21,Evina Westbrook,Nike LeBron XX,0,1,0,0,0,4
2023-05-21,Kadi Sissoko,Nike Kobe 6,0,0,0,0,0,3
2023-05-21,Kahleah Copper,adidas Exhibit Select,15,5,1,1,0,28
2023-05-21,Kristine Anigwe,Nike KD 13,4,5,0,0,2,12
2023-05-21,Michaela Onyenwere,Nike Air Zoom G.T. Cut,4,3,1,1,1,29
2023-05-21,Morgan Bertsch,Nike PG 6,8,7,2,0,1,24
2023-05-21,Moriah Jefferson,adidas Dame 8,6,0,2,1,1,26
2023-05-21,Rebekah Gardner,Nike Air Zoom G.T. Cut 2,7,1,1,0,0,13
2023-05-21,Robyn Parks,Nike KD 15,0,0,0,1,1,7
2023-05-21,Sophie Cunningham,adidas Dame 8,2,3,2,0,0,19
2023-05-21,Sug Sutton,Nike Ja 1,13,1,2,2,0,30
2023-05-21,Aliyah Boston,adidas Exhibit Select,15,4,2,1,2,29
2023-05-21,Betnijah Laney,adidas Harden Vol. 7,5,3,3,1,0,22
2023-05-21,Breanna Stewart,Puma Stewie 2,45,12,3,1,1,30
2023-05-21,Courtney Vandersloot,Nike Air Zoom G.T. Cut 2,11,0,8,0,0,26
2023-05-21,Emma Cannon,Nike LeBron XX,3,3,0,0,0,11
2023-05-21,Epiphanny Prince,Nike Kobe 7,3,2,2,2,1,21
2023-05-21,Erica Wheeler,adidas Exhibit Select,2,0,1,0,0,14
2023-05-21,Grace Berger,Nike LeBron XX,2,0,1,1,1,3
2023-05-21,Han Xu,Nike Air Zoom G.T. Cut 2,0,0,0,0,1,7
2023-05-21,Jocelyn Willoughby,Nike Kyrie Infinity (Kyrie 8),0,0,1,0,0,6
2023-05-21,Jonquel Jones,Nike KD 15,14,3,0,0,0,17
2023-05-21,Kayla Thornton,New Balance Two WXY 3,2,5,0,1,0,21
2023-05-21,Kelsey Mitchell,Nike KD 14,10,3,3,3,0,29
2023-05-21,Kristy Wallace,Nike LeBron XX,11,3,1,1,0,25
2023-05-21,Lexie Hull,Nike Air Zoom G.T. Cut 2,3,6,1,1,1,21
2023-05-21,Maya Caldwell,Nike Kobe 6,2,0,1,0,0,11
2023-05-21,NaLyssa Smith,Puma MB.02 Low,16,12,0,1,0,24
2023-05-21,Queen Egbo,Nike KD 15,4,2,0,0,0,10
2023-05-21,Sabrina Ionescu,Nike Sabrina 1,9,8,8,2,1,29
2023-05-21,Stefanie Dolson,Jordan Luka 1,1,3,3,0,1,15
2023-05-21,Victaria Saxton,Nike KD 15,0,1,0,0,0,1
2023-05-21,Victoria Vivians,Nike Zoom Freak 4,5,1,1,0,0,16
2023-05-21,Adam Hanga,Nike Kyrie Low 4,2,3,0,0,0,11
2023-05-21,Anthony Randolph,adidas Pro Bounce 2019 Low,3,2,0,1,0,4
2023-05-21,Dzanan Musa,adidas Trae Young 2.0,6,1,4,0,0,15
2023-05-21,Eli Ndiaye,Jordan Luka 1,3,0,0,0,0,5
2023-05-21,Fabien Causeur,Nike Kyrie Low 5,11,2,0,0,0,17
2023-05-21,Giannoulis Larentzakis,Under Armour Curry Flow 10,0,0,1,0,0,6
2023-05-21,Isaiah Canaan,Nike KD 14,21,2,2,0,0,22
2023-05-21,Joel Bolomboy,Nike Giannis Immortality 2,2,1,0,0,0,9
2023-05-21,Kostas Papanikolaou,Nike Zoom Freak 4,6,3,2,1,0,21
2023-05-21,Kostas Sloukas,adidas Dame 8,6,2,3,0,0,23
2023-05-21,Mario Hezonja,Nike Kobe 6,12,3,0,2,0,34
2023-05-21,Moustapha Fall,Nike Zoom Freak 4,0,5,1,0,0,25
2023-05-21,Nigel Williams-Goss,Nike KD 13,9,2,2,1,0,18
2023-05-21,Rudy Fernandez,Air Jordan 37,3,2,2,0,0,16
2023-05-21,Sasha Vezenkov,Nike Kyrie Low 2,29,9,4,0,1,39
2023-05-21,Sergio Llull,Jordan Luka 1,2,1,0,0,0,12
2023-05-21,Sergio Rodriguez,adidas D.O.N. Issue 4,15,4,9,1,0,28
2023-05-21,Shaquielle McKissic,Nike PG 6,14,0,2,0,0,17
2023-05-21,Tarik Black,Nike LeBron XX,0,0,0,0,0,4
2023-05-21,Thomas Walkup,Under Armour Curry Flow 10,0,2,6,0,0,28
2023-05-21,Walter Tavares,Nike Zoom Rize 2,13,10,2,1,0,34
2023-05-21,Alex Abrines,adidas D.O.N. Issue 4,9,3,2,1,0,23
2023-05-21,Alpha Diallo,Nike Kobe V,10,6,2,0,0,17
2023-05-21,Chima Moneke,adidas Harden Vol. 7,4,3,0,0,0,8
2023-05-21,Donatas Motiejunas,adidas D.O.N. Issue 3,2,2,1,1,1,15
2023-05-21,Donta Hall,Nike Kyrie 5,9,11,1,0,1,24
2023-05-21,Elie Okobo,Nike Kobe V,10,3,4,1,0,25
2023-05-21,James Nnaji,Jordan Westbrook One Take,7,4,1,0,2,12
2023-05-21,Jan Vesely,adidas Dame 8,6,4,1,0,0,20
2023-05-21,Jaron Blossomgame,Nike KD 15,9,1,0,0,1,15
2023-05-21,John Brown,Nike Kyrie Infinity (Kyrie 8),2,3,0,2,0,13
2023-05-21,Jordan Loyd,Nike Kobe V,9,2,6,2,0,22
2023-05-21,Kyle Kuric,Nike LeBron XX,7,2,1,1,0,20
2023-05-21,Matthew Strazel,Nike KD 6 Elite,14,2,1,0,0,22
2023-05-21,Mike James,adidas Harden Vol. 7,3,0,1,2,0,6
2023-05-21,Mike Tobey,Nike KD 15,2,3,1,0,0,12
2023-05-21,Nicolas Laprovittola,Nike Kobe V,5,0,4,2,0,22
2023-05-21,Nikola Kalinic,Nike Zoom Freak 4,4,2,2,1,0,13
2023-05-21,Nikola Mirotic,Nike Zoom Freak 4,15,2,1,4,0,24
2023-05-21,Rokas Jokubaitis,Nike KD 15,0,0,4,0,0,14
2023-05-21,Sergi Martinez,Nike Kobe IV Protro,2,0,0,0,0,2
2023-05-21,Sertac Sanli,adidas Dame 8,2,1,0,0,0,7
2023-05-21,Tomas Satoransky,adidas Dame 7 EXTPLY,7,3,4,1,0,25
2023-05-21,Yakuba Ouattara,Nike LeBron XX,2,1,1,0,0,20
2023-05-21,Yoan Makoundou,Nike Kobe 6,4,1,0,0,0,7
2023-05-21,Alyssa Thomas,Nike Kobe IV Protro,14,16,6,3,0,37
2023-05-21,Amanda Zahui B.,adidas BYW Select,3,1,1,0,0,8
2023-05-21,Ariel Atkins,Nike Air Deldon 1,8,1,3,0,0,32
2023-05-21,Brionna Jones,Nike KD 14,15,10,3,2,0,27
2023-05-21,Brittney Sykes,Nike Kobe 6,4,4,4,1,0,25
2023-05-21,DeWanna Bonner,Nike Zoom Freak 4,21,3,2,2,0,31
2023-05-21,Elena Delle Donne,Nike Air Deldon 1,19,11,1,1,2,33
2023-05-21,Kristi Toliver,Nike Kobe 6,3,0,0,0,0,9
2023-05-21,Natasha Cloud,Converse All Star BB Shift,13,3,6,2,1,32
2023-05-21,Natisha Hiedeman,Air Jordan 36,6,2,3,0,0,22
2023-05-21,Olivia Nelson-Ododa,Nike Kyrie Low 4,5,5,0,0,2,15
2023-05-21,Rebecca Allen,Nike LeBron XX,7,6,0,0,1,23
2023-05-21,Shakira Austin,Nike LeBron XX,21,11,2,0,1,26
2023-05-21,Shatori Walker-Kimbrough,Nike Air Deldon 1,0,1,1,0,1,19
2023-05-21,Tianna Hawkins,Nike Air Deldon 1,3,6,0,0,0,10
2023-05-21,Tiffany Hayes,Nike Kyrie Low 5,8,3,2,0,0,22
2023-05-21,Tyasha Harris,Under Armour Spawn 5,4,1,1,0,0,20
2023-05-21,Al Horford,Nike PG 6,8,1,1,0,0,18
2023-05-21,Bam Adebayo,Jordan One Take II,13,3,2,1,1,25
2023-05-21,Caleb Martin,Nike KD 14,18,3,4,1,0,34
2023-05-21,Cody Zeller,Air Jordan 37,4,4,0,0,2,17
2023-05-21,Derrick White,Nike LeBron XX,9,4,2,1,2,26
2023-05-21,Duncan Robinson,Nike KD 14,22,2,4,0,0,22
2023-05-21,Gabe Vincent,Nike LeBron XX,29,2,3,1,1,35
2023-05-21,Grant Williams,Jordan Luka 1,12,3,2,0,0,28
2023-05-21,Haywood Highsmith,Nike Kobe 6,0,0,1,0,0,4
2023-05-21,Jaylen Brown,Nike Kobe V,12,6,2,0,0,27
2023-05-21,Jayson Tatum,Jordan Tatum 1,14,10,2,2,0,33
2023-05-21,Jimmy Butler,Li-Ning JB1,16,8,6,2,0,31
2023-05-21,Kevin Love,Nike Air Zoom G.T. Run,5,2,0,0,0,4
2023-05-21,Kyle Lowry,adidas CrazyLight Boost 2016 Low,7,5,4,1,0,28
2023-05-21,Luke Kornet,Nike Air Zoom G.T. Jump,11,4,0,0,0,12
2023-05-21,Malcolm Brogdon,Nike Zoom Freak 1,0,2,2,0,0,18
2023-05-21,Marcus Smart,Puma TRC Blaze,8,9,8,0,0,30
2023-05-21,Max Strus,Nike Air Zoom G.T. Cut,10,3,1,1,0,25
2023-05-21,Mike Muscala,Nike KD 15,3,2,0,0,0,7
2023-05-21,Nikola Jovic,adidas Dame 6,2,3,0,0,0,4
2023-05-21,Omer Yurtseven,Nike LeBron XX,2,0,0,0,0,4
2023-05-21,Payton Pritchard,Nike Kobe IV Protro,12,2,5,0,0,12
2023-05-21,Robert Williams III,Nike LeBron 18 Low,8,8,0,0,0,12
2023-05-21,Sam Hauser,Nike KD 15,5,6,1,0,1,12
2023-05-20,Aaron Gordon,361 Unknow,7,3,4,0,1,32
2023-05-20,Anthony Davis,Nike LeBron XX,28,18,1,0,2,41
2023-05-20,Austin Reaves,Rigorer War Ender,23,7,5,1,0,39
2023-05-20,Bruce Brown,Nike Kobe 6,15,5,5,1,0,28
2023-05-20,Christian Braun,Nike Kobe 6,0,1,0,0,0,3
2023-05-20,D'Angelo Russell,Li-Ning Way Of Wade 10,3,3,4,0,0,20
2023-05-20,Dennis Schroder,Puma Fusion Nitro Spectra,5,0,1,1,0,24
2023-05-20,Jamal Murray,New Balance Two WXY 3,37,7,6,2,0,41
2023-05-20,Jarred Vanderbilt,Nike Kobe 6,2,1,0,0,0,13
2023-05-20,Jeff Green,Air Jordan 37 Low,5,4,1,0,0,23
2023-05-20,Kentavious Caldwell-Pope,Nike Kobe 6,17,3,0,2,0,34
2023-05-20,LeBron James,Nike LeBron 2,23,7,12,0,0,42
2023-05-20,Lonnie Walker IV,adidas Harden Vol. 7,9,1,2,0,0,18
2023-05-20,Malik Beasley,Xtep Battle,0,0,0,0,0,0
2023-05-20,Max Christie,Nike Kobe 6,0,1,0,0,0,0
2023-05-20,Michael Porter Jr.,Nike PG 5,14,10,6,1,0,38
2023-05-20,Nikola Jokic,Nike Air Zoom G.T. Jump,24,6,8,1,0,38
2023-05-20,Rui Hachimura,Air Jordan 36,13,6,1,1,0,33
2023-05-20,Shaquille Harrison,Nike Air Zoom G.T. Cut 2,0,0,1,0,0,0
2023-05-20,Tristan Thompson,Nike LeBron XX,0,0,0,0,0,0
2023-05-20,Troy Brown Jr.,Nike Kobe 6,2,1,0,0,0,0
2023-05-20,A'ja Wilson,Nike Cosmic Unity 3,13,13,1,1,1,27
2023-05-20,Alysha Clark,adidas D.O.N. Issue 4,10,1,1,1,1,22
2023-05-20,Arella Guirantes,Jordan Luka 1,5,1,0,0,2,11
2023-05-20,Candace Parker,adidas Exhibit Select,12,4,5,1,3,23
2023-05-20,Cayla George,Under Armour Curry Flow 10,5,2,0,0,0,4
2023-05-20,Chelsea Gray,adidas Dame 8,14,6,6,1,1,32
2023-05-20,Dulcy Fankam Mendjiadeu,Nike Cosmic Unity,0,1,0,0,0,3
2023-05-20,Ezi Magbegor,Nike LeBron XX,7,5,0,4,0,28
2023-05-20,Ivana Dojkic,Nike Kobe 6,7,1,1,1,1,17
2023-05-20,Jackie Young,Puma Stewie 1,23,5,3,1,1,26
2023-05-20,Jade Melbourne,Nike Air Zoom G.T. Cut 2,2,0,1,0,0,6
2023-05-20,Jewell Loyd,Nike Precision 6,22,4,4,1,2,29
2023-05-20,Jordan Horston,Nike Cosmic Unity,8,5,3,3,0,23
2023-05-20,Kaila Charles,Nike LeBron XX,2,1,0,1,0,13
2023-05-20,Kelsey Plum,Under Armour Curry 1,23,5,5,1,0,31
2023-05-20,Kia Nurse,Air Jordan 38,0,1,0,0,0,10
2023-05-20,Kiah Stokes,Nike KD 13,2,9,0,0,1,22
2023-05-20,Kierstan Bell,Nike Air Zoom G.T. Cut,3,3,1,0,0,5
2023-05-20,Mercedes Russell,Nike KD 15,6,9,1,0,1,24
2023-05-20,Sami Whitcomb,adidas Exhibit A,1,0,2,1,0,13
2023-05-20,Sydney Colson,Nike Kyrie Flytrap 6,0,2,0,0,0,3
2023-05-20,Yvonne Turner,Under Armour Curry Flow 10,4,4,0,1,0,17
2023-05-20,Aari McDonald,Nike LeBron XX,6,2,1,0,0,29
2023-05-20,Allisha Gray,Nike Air Zoom G.T. Cut 2,10,7,7,0,0,30
2023-05-20,Arike Ogunbowale,Nike Air Zoom G.T. Cut 2,27,4,1,3,0,38
2023-05-20,Ashley Joens,Nike PG 6,2,0,0,0,0,3
2023-05-20,Asia (AD) Durr,Jordan Why Not? Zer0.5,12,1,2,1,0,18
2023-05-20,Awak Kuier,Nike LeBron XX,1,0,2,0,0,8
2023-05-20,Cheyenne Parker,Nike Giannis Immortality 2,18,11,3,3,0,29
2023-05-20,Crystal Dangerfield,Air Jordan 38,0,4,2,1,0,24
2023-05-20,Danielle Robinson,adidas D Rose 1.5 Low,2,1,2,0,0,7
2023-05-20,Haley Jones,Nike Air Zoom G.T. Cut 2,0,1,1,1,0,5
2023-05-20,Jasmine Dickey,Nike LeBron Witness 7,2,2,0,0,0,12
2023-05-20,Lorela Cubaj,Nike LeBron XX,0,1,0,0,1,4
2023-05-20,Maddy Siegrist,Puma MB.01 Low,0,0,0,0,0,3
2023-05-20,Natasha Howard,Nike Kobe 6,20,10,3,3,2,34
2023-05-20,Naz Hillmon,Nike Air Zoom G.T. Cut 2,7,8,0,0,0,18
2023-05-20,Nia Coffey,Nike Kyrie 7,3,3,0,1,4,20
2023-05-20,Rhyne Howard,Jordan Luka 1,20,10,2,0,1,35
2023-05-20,Satou Sabally,Jordan Luka 1,25,7,3,2,2,34
2023-05-20,Teaira McCowan,Nike LeBron XX,4,9,0,0,0,15
2023-05-20,Veronica Burton,Nike Air Zoom G.T. Cut 2,4,4,2,1,1,24
2023-05-19,Aerial Powers,Jordan Tatum 1,0,3,0,0,1,4
2023-05-19,Alanna Smith,Nike Cosmic Unity 2,15,4,1,2,3,20
2023-05-19,Bridget Carleton,Nike Air Zoom G.T. Cut 2,6,1,1,1,0,13
2023-05-19,Courtney Williams,Moolah Neovolt Pro,5,7,4,1,0,31
2023-05-19,Dana Evans,Jordan Tatum 1,2,0,2,0,0,15
2023-05-19,Diamond Miller,Under Armour Flow FUTR X 2,9,7,2,0,1,22
2023-05-19,Dorka Juhász,Nike KD 14,5,3,0,0,1,14
2023-05-19,Elizabeth Williams,adidas Dame 8,14,6,2,3,2,29
2023-05-19,Jessica Shepard,Nike PG 6,8,8,7,2,0,31
2023-05-19,Kahleah Copper,adidas Exhibit Select,20,7,5,2,0,28
2023-05-19,Kayla McBride,Nike Kobe 6,12,5,1,1,0,27
2023-05-19,Kristine Anigwe,Nike KD 13,0,2,0,1,0,10
2023-05-19,Marina Mabrey,Under Armour Curry Flow 10,5,4,2,1,0,22
2023-05-19,Morgan Bertsch,Nike PG 6,6,2,4,0,2,19
2023-05-19,Napheesa Collier,Nike Kobe IV Protro,17,5,2,1,4,30
2023-05-19,Nikolina Milic,Nike PG 5,2,1,0,0,0,7
2023-05-19,Rachel Banham,Nike Kobe V,0,4,2,3,0,25
2023-05-19,Rebekah Gardner,Nike Air Zoom G.T. Cut 2,10,3,3,4,1,21
2023-05-19,Tiffany Mitchell,Nike Kobe 8,7,3,1,0,1,22
2023-05-19,Brianna Turner,Nike LeBron XX,0,7,1,0,2,31
2023-05-19,Brittney Griner,Nike Air Zoom G.T. Jump,18,6,2,0,4,25
2023-05-19,Chiney Ogwumike,adidas Exhibit Select,15,7,1,1,0,24
2023-05-19,Dearica Hamby,Air Jordan 38,9,3,1,0,0,15
2023-05-19,Diana Taurasi,Nike LeBron 17,15,7,5,0,1,27
2023-05-19,Evina Westbrook,Nike LeBron XX,3,1,0,0,0,19
2023-05-19,Jordin Canada,Jordan Luka 1,5,3,5,2,0,30
2023-05-19,Joyner Holmes,Nike Air Zoom G.T. Cut,2,3,0,0,0,13
2023-05-19,Kadi Sissoko,Nike Kobe 6,2,2,0,0,0,8
2023-05-19,Karlie Samuelson,Puma TRC Blaze,13,3,1,0,0,26
2023-05-19,Layshia Clarendon,adidas D.O.N. Issue 4,5,3,4,2,0,20
2023-05-19,Lexie Brown,Reebok Solution Mid,14,4,2,1,1,22
2023-05-19,Liz Dixon,Nike Zoom Freak 4,0,0,0,0,0,4
2023-05-19,Michaela Onyenwere,Nike Air Zoom G.T. Cut,7,4,3,1,0,26
2023-05-19,Moriah Jefferson,adidas Dame 8,16,4,4,0,1,30
2023-05-19,Nia Clouden,Nike PG 6,0,0,1,0,0,6
2023-05-19,Nneka Ogwumike,adidas Exhibit Select,17,4,3,3,1,27
2023-05-19,Sug Sutton,Nike Ja 1,10,3,3,1,0,26
2023-05-19,Zia Cooke,adidas Dame Certified,14,2,2,1,0,14
2023-05-19,Amanda Zahui B.,adidas BYW Select,0,0,0,0,0,6
2023-05-19,Ariel Atkins,Nike LeBron XX,14,3,2,1,0,26
2023-05-19,Betnijah Laney,adidas Harden Vol. 7,10,2,2,1,0,26
2023-05-19,Breanna Stewart,Puma Stewie 2,12,12,3,2,0,34
2023-05-19,Brittney Sykes,Nike Kobe 6,9,9,3,5,0,29
2023-05-19,Courtney Vandersloot,Nike Air Zoom G.T. Cut 2,8,2,6,2,0,26
2023-05-19,Elena Delle Donne,Nike Air Deldon 1,13,4,5,2,1,33
2023-05-19,Epiphanny Prince,Nike Kobe 6,2,2,0,0,0,13
2023-05-19,Han Xu,Nike Air Zoom G.T. Cut 2,0,0,0,0,0,4
2023-05-19,Jocelyn Willoughby,Nike Kyrie Infinity (Kyrie 8),0,0,1,1,0,5
2023-05-19,Jonquel Jones,Nike KD 15,5,5,3,1,1,18
2023-05-19,Kayla Thornton,New Balance Two WXY 3,7,5,1,0,0,18
2023-05-19,Kristi Toliver,Nike Kobe 6,10,1,1,1,0,12
2023-05-19,Li Meng,Nike LeBron XX,0,0,0,0,0,0
2023-05-19,Natasha Cloud,Converse All Star BB Shift,14,6,6,1,2,31
2023-05-19,Sabrina Ionescu,Nike Kobe IV Protro,18,8,2,1,0,33
2023-05-19,Shakira Austin,Nike LeBron XX,6,3,3,0,1,24
2023-05-19,Shatori Walker-Kimbrough,Nike Air Deldon 1,6,2,2,2,0,18
2023-05-19,Stefanie Dolson,Jordan Luka 1,2,4,0,0,1,17
2023-05-19,Tianna Hawkins,Nike Air Deldon 1,8,4,1,1,0,15
2023-05-19,Aliyah Boston,adidas Exhibit Select,15,9,1,1,1,24
2023-05-19,Alyssa Thomas,Nike Kobe IV Protro,18,11,6,3,2,38
2023-05-19,Brionna Jones,Nike KD 14,13,9,0,2,1,26
2023-05-19,DeWanna Bonner,Nike Zoom Freak 4,19,7,0,1,1,31
2023-05-19,DiJonai Carrington,Nike Air Zoom G.T. Cut,0,0,0,0,0,1
2023-05-19,Emma Cannon,Air Jordan 11 Retro,4,0,0,0,0,2
2023-05-19,Erica Wheeler,adidas Agent Gil,0,3,5,1,0,30
2023-05-19,Kelsey Mitchell,Nike KD 14,20,2,4,2,0,37
2023-05-19,Kristy Wallace,Nike LeBron XX,5,2,0,1,0,11
2023-05-19,Leigha Brown,Jordan Luka 1,0,1,1,0,0,2
2023-05-19,Lexie Hull,Nike Air Zoom G.T. Cut 2,2,1,0,0,0,3
2023-05-19,Maya Caldwell,Nike Kobe 6,3,2,3,1,0,24
2023-05-19,NaLyssa Smith,Puma MB.02 Low,6,9,1,0,0,27
2023-05-19,Natisha Hiedeman,Air Jordan 36,7,3,4,1,0,34
2023-05-19,Olivia Nelson-Ododa,Nike Kyrie Low 4,3,2,0,0,2,13
2023-05-19,Queen Egbo,Nike KD 15,3,6,0,0,3,14
2023-05-19,Rebecca Allen,Nike LeBron XX,5,1,0,1,0,10
2023-05-19,Tiffany Hayes,Nike Kyrie Low 5,5,4,1,1,0,22
2023-05-19,Tyasha Harris,Under Armour Curry 2 Low FloTro,0,5,3,1,0,17
2023-05-19,Victaria Saxton,Nike KD 15,0,0,0,0,0,0
2023-05-19,Victoria Vivians,Nike Giannis Immortality 2,3,1,1,3,1,21
2023-05-19,Al Horford,Nike PG 6,2,4,2,0,2,28
2023-05-19,Bam Adebayo,Air Jordan 37 Low,22,17,9,0,0,38
2023-05-19,Caleb Martin,Nike KD 14,25,4,0,1,1,32
2023-05-19,Cody Zeller,Air Jordan 37,2,6,0,0,1,9
2023-05-19,Derrick White,Nike LeBron XX,11,1,1,0,2,23
2023-05-19,Duncan Robinson,Nike KD 14,15,1,1,1,0,20
2023-05-19,Gabe Vincent,Nike LeBron XX,9,2,0,2,0,40
2023-05-19,Grant Williams,Jordan Luka 1,9,2,2,0,1,25
2023-05-19,Jaylen Brown,Nike Kobe V,16,4,3,0,0,37
2023-05-19,Jayson Tatum,Jordan Tatum 1,34,13,8,0,0,42
2023-05-19,Jimmy Butler,Li-Ning JB1,27,8,6,3,2,40
2023-05-19,Kevin Love,Nike Air Zoom G.T. Run,0,5,2,1,0,14
2023-05-19,Kyle Lowry,adidas CrazyLight Boost 2016 Low,0,1,5,1,1,17
2023-05-19,Malcolm Brogdon,Nike Zoom Freak 1,13,4,2,1,2,26
2023-05-19,Marcus Smart,Puma TRC Blaze,7,4,3,0,0,32
2023-05-19,Max Strus,Nike Air Zoom G.T. Cut,11,1,0,0,0,26
2023-05-19,Robert Williams III,Nike LeBron 18 Low,13,3,1,1,2,23
2023-05-19,Adam Hanga,Nike Kyrie Low 4,0,6,2,0,1,19
2023-05-19,Alex Abrines,adidas D.O.N. Issue 4,16,4,0,2,1,18
2023-05-19,Anthony Randolph,adidas Pro Bounce 2019 Low,6,2,0,0,0,6
2023-05-19,Dzanan Musa,adidas Trae Young 2.0,7,2,2,0,0,20
2023-05-19,Eli Ndiaye,Jordan Luka 1,2,2,0,0,1,7
2023-05-19,Fabien Causeur,Nike Kyrie Low 5,0,0,0,0,0,7
2023-05-19,James Nnaji,Jordan Westbrook One Take,1,2,1,0,1,8
2023-05-19,Jan Vesely,adidas Dame 8,4,6,1,1,0,13
2023-05-19,Kyle Kuric,Nike LeBron XX,11,2,0,3,0,23
2023-05-19,Mario Hezonja,Nike Kobe 6,14,9,0,2,0,33
2023-05-19,Nicolas Laprovittola,Nike Kobe V,12,3,3,1,0,28
2023-05-19,Nigel Williams-Goss,Nike KD 13,10,1,2,0,0,25
2023-05-19,Nikola Kalinic,Nike Zoom Freak 4,6,2,0,0,0,17
2023-05-19,Nikola Mirotic,Nike Zoom Freak 4,3,1,1,1,1,28
2023-05-19,Rokas Jokubaitis,Nike KD 15,6,2,3,0,0,12
2023-05-19,Rudy Fernandez,Air Jordan 37,2,4,0,2,0,17
2023-05-19,Sergi Martinez,Nike Kobe IV Protro,0,1,1,0,0,2
2023-05-19,Sergio Llull,Jordan Luka 1,5,0,5,0,0,12
2023-05-19,Sergio Rodriguez,adidas D.O.N. Issue 4,12,0,5,2,0,15
2023-05-19,Sertac Sanli,adidas Dame 8,0,3,0,0,0,16
2023-05-19,Tomas Satoransky,adidas Dame 7 EXTPLY,7,11,3,0,0,30
2023-05-19,Walter Tavares,Nike Zoom Rize 2,20,15,1,0,4,33
2020-02-11,Bryn Forbes,Nike Kobe IV Protro,8,3,1,0,0,21
2020-02-11,Dejounte Murray,New Balance OMN1S,25,9,3,1,0,26
2020-02-11,Luguentz Dort,adidas Harden Vol. 4,4,2,0,0,0,21
2020-02-11,Mike Muscala,Nike Air Force Max Low,3,1,0,0,0,7
2020-02-11,Patty Mills,Under Armour Anatomix Spawn 2,20,0,0,0,0,27
2020-02-11,Anfernee Simons,Nike Zoom KD12,9,2,4,0,0,18
2020-02-11,JJ Redick,adidas Dame 6,20,2,2,0,0,20
2020-02-11,Moses Brown,Nike PG 3,1,3,1,0,1,9
2020-02-10,Kelly Oubre Jr.,Converse All Star Pro BB Low,10,3,2,0,0,26
2020-02-10,Mikal Bridges,Nike Zoom KD12,18,6,3,1,1,30
2020-02-10,Ricky Rubio,adidas D.O.N. Issue 1,13,3,5,1,0,24
2020-02-10,Andre Iguodala,Nike Kobe V,2,5,2,0,0,16
2020-02-10,Bam Adebayo,Nike Kyrie 6,13,11,7,2,0,26
2020-02-10,Kendrick Nunn,Puma Clyde Hardwood,4,1,2,0,0,23
2020-02-10,Kevon Looney,Anta KT4,0,3,1,1,0,16
2020-02-10,Derrick White,Nike Kobe AD Mid,15,2,4,0,0,18
2020-02-10,Jordan McRae,Nike Kyrie 6,8,5,3,1,0,16
2020-02-10,PJ Dozier,Nike Kyrie Low 2,6,1,2,1,0,18
2020-02-10,Paul Millsap,Nike Kobe IV Protro,22,7,3,2,1,19
2020-02-10,Courtney Lee,Nike Kobe V,0,1,0,2,0,15
2020-02-10,Delon Wright,Air Jordan 10,2,1,3,1,0,13
2020-02-10,Jordan Clarkson,Nike Zoom Freak 1,25,5,8,0,1,30
2020-02-10,De'Aaron Fox,Nike Kyrie 6,17,8,11,0,1,34
2020-02-10,Donte DiVincenzo,Nike Zoom KD12,10,4,0,2,0,25
2020-02-10,Eric Bledsoe,Nike LeBron Soldier 13,28,8,8,1,0,32
2020-02-10,Harrison Barnes,Air Jordan XXXIV,23,3,3,1,0,36
2020-02-10,Harry Giles III,Nike Kyrie 5,8,7,2,1,0,15
2020-02-10,Wesley Matthews,Nike Kobe Mamba Focus,10,3,2,0,0,32
2020-02-10,Matt Thomas,Nike Kobe AD Mid,0,0,0,0,0,2
2020-02-10,Terence Davis,Air Jordan 18,3,2,0,0,0,15
2020-02-10,Bruce Brown,Nike Kyrie 5,10,12,5,0,0,38
2020-02-10,Christian Wood,Nike Kobe IV Protro,10,8,1,0,0,23
2020-02-10,John Henson,Nike Kyrie Low 2,7,8,0,0,3,16
2020-02-10,Tony Snell,Nike Zoom Rize,3,2,4,1,0,33
2020-02-10,Caris LeVert,Nike Kyrie 6,11,2,3,2,1,33
2020-02-10,DeAndre Jordan,Nike Kobe V,11,19,0,0,2,28
2020-02-10,Malcolm Brogdon,Nike Zoom Freak 1,6,4,3,0,0,31
2020-02-10,Myles Turner,Nike PG 1,15,5,3,1,0,23
2020-02-10,Taurean Prince,Nike Kyrie Low 2,14,3,0,0,1,31
2020-02-10,Timothe Luwawu-Cabarrot,Air Jordan 11 Low IE,10,2,0,2,0,13
2020-02-10,Wilson Chandler,Nike Kobe IV Protro,0,1,1,1,0,15
2020-02-10,Aaron Gordon,Nike PG 2.5,26,9,4,0,1,36
2020-02-10,Gary Clark,Nike Zoom KD12,3,2,0,0,0,11
2020-02-10,Mo Bamba,Under Armour HOVR Havoc 2,7,5,2,2,1,14
2020-02-10,Vince Carter,Nike Shox BB4,9,0,0,0,0,14
2020-02-09,Dennis Schroder,Nike Zoom KD12,22,7,1,1,1,36
2020-02-09,Hamidou Diallo,Nike PG 3,2,1,0,0,0,12
2020-02-09,Kelly Olynyk,Nike Kobe AD Mid,6,3,2,1,0,13
2020-02-09,Kendrick Nunn,Puma Clyde Hardwood,9,0,4,0,0,27
2020-02-09,Landry Shamet,Nike PG 4,11,4,3,0,1,27
2020-02-09,Lou Williams,Peak Taichi Flash,25,5,3,2,0,26
2020-02-09,Marcus Morris Sr.,Nike Kyrie 5,10,4,2,3,0,21
2020-02-09,Tristan Thompson,Nike LeBron Soldier 13,7,6,2,0,0,19
2020-02-09,Georges Niang,Nike Zoom Freak 1,8,1,0,0,0,8
2020-02-09,Trae Young,adidas N3XT L3V3L,48,1,13,2,0,47
2020-02-09,Ian Mahinmi,Nike Kobe Ad,2,5,1,0,2,18
2020-02-09,Isaac Bonga,Nike PG 2.5,4,2,1,1,0,17
2020-02-09,Ish Smith,Nike Kyrie 6,4,4,5,1,1,28
2020-02-09,Jaren Jackson Jr.,Nike Zoom KD12,14,11,1,0,1,30
2020-02-09,Jonas Valanciunas,Nike Air Max Dominate,8,18,0,0,2,30
2020-02-09,Josh Jackson,Under Armour Anatomix Spawn 2,3,5,1,0,0,13
2020-02-09,Kyle Anderson,Nike Kobe IV Protro,16,5,2,1,0,29
2020-02-08,Terrence Ross,Nike Zoom KD12,20,4,3,0,0,31
2020-02-08,DaQuan Jeffries,Nike Kobe XI Low,0,0,0,0,0,1
2020-02-08,De'Aaron Fox,Nike Kyrie 6,13,2,5,0,0,25
2020-02-08,Lonnie Walker IV,adidas Harden Vol. 4,8,1,1,1,0,19
2020-02-08,Gary Harris,Nike Zoom Freak 1,10,7,1,2,0,36
2020-02-08,Jamal Murray,adidas Crazy BYW X 2.0,36,5,5,1,1,35
2020-02-08,Jarred Vanderbilt,Nike Kobe IV Protro,4,2,0,0,0,14
2020-02-08,Jerami Grant,Air Jordan 13 Retro,10,2,1,2,1,30
2020-02-08,Dwight Howard,Nike Kobe X High,12,12,0,0,0,12
2020-02-08,Jalen Brunson,Nike Kobe V,13,4,4,0,0,27
2020-02-08,P.J. Washington,Nike Kyrie 6,7,9,0,1,1,29
2020-02-08,Terry Rozier,Puma Legacy Low,15,6,1,0,2,31
2020-02-08,Julius Randle,Nike PG 1,17,7,3,1,1,34
2020-02-08,Kevin Knox II,Puma Uproar,5,1,0,0,1,18
2020-02-08,Langston Galloway,Q4 The Specialist,6,2,0,0,0,31
2020-02-08,Mitchell Robinson,Nike Zoom Freak 1,7,5,0,1,3,19
2020-02-08,Reggie Bullock,Nike Kyrie 6,8,4,5,1,0,27
2020-02-08,T.J. McConnell,Under Armour HOVR Havoc 2,6,1,3,1,0,17
2020-02-08,Pascal Siakam,Nike Zoom KD12,20,7,4,0,1,33
2020-02-08,Patrick McCaw,Nike PG 3,3,2,3,0,0,18
2020-02-08,Rondae Hollis-Jefferson,Nike Kyrie 6,5,7,3,0,0,16
2020-02-07,Brandon Clarke,Nike PG 2.5,11,5,1,1,0,22
2020-02-07,Kyle Anderson,Nike Kobe IV Protro,6,9,3,0,0,28
2020-02-07,Marial Shayok,Nike Kyrie 3,0,2,1,0,0,2
2020-02-07,Marko Guduric,adidas Harden Vol. 4,9,0,0,0,0,4
2020-02-07,Matisse Thybulle,Nike PG 4,6,1,2,1,2,32
2020-02-07,Mike Scott,Nike KD 4,3,5,0,1,0,12
2020-02-07,Norvel Pelle,Nike Zoom KD12,5,3,0,0,2,7
2020-02-07,Tyus Jones,Nike Kyrie 6,13,1,7,2,0,20
2020-02-07,Kristaps Porzingis,adidas N3XT L3V3L,11,9,2,2,1,21
2020-02-07,Rui Hachimura,Air Jordan XXXIV,17,6,1,2,0,28
2020-02-07,Duncan Robinson,Nike Zoom KD12,18,5,6,0,1,41
2020-02-07,Devin Booker,Nike Kobe IV Protro,33,9,3,0,1,29
2020-02-07,Elie Okobo,Nike Kobe IV Protro,3,4,6,3,0,26
2020-02-07,P.J. Tucker,Nike Kobe V,2,2,1,1,2,22
2020-02-07,Abdel Nader,Nike Kobe IV Protro,0,1,0,0,0,6
2020-02-07,Bruce Brown,Nike Kyrie 6,4,6,1,5,1,33
2020-02-07,Christian Wood,Nike Kobe IV Protro,27,12,5,0,0,35
2020-02-07,Jordan Bone,Nike Kobe IV Protro,0,0,1,1,0,10
2020-02-07,Luguentz Dort,adidas Harden Vol. 4,2,3,0,0,0,25
2020-02-07,Tony Snell,Nike Zoom Rize,9,1,5,0,0,33
2020-02-07,Patrick McCaw,Nike Zoom KD12,0,3,1,0,0,22
2020-02-07,Rondae Hollis-Jefferson,Nike Kyrie 6,6,5,3,1,1,13
2020-02-06,Frank Ntilikina,Nike Kobe Ad,2,1,1,0,0,13
2020-02-06,Michael Carter-Williams,Nike Zoom Freak 1,7,2,4,3,1,25
2020-02-06,Lonzo Ball,Nike Kobe V,9,3,10,3,1,32
2020-02-06,Luke Kornet,Nike LeBron 16 SB,3,1,2,0,0,17
2020-02-06,Nickeil Alexander-Walker,Nike Kobe IV Protro,0,1,1,0,0,4
2020-02-06,CJ McCollum,Li-Ning Speed VI Premium,19,3,6,0,1,30
2020-02-06,Caleb Swanigan,Nike Kobe V,6,4,1,0,0,11
2020-02-06,Carmelo Anthony,Air Jordan XXXIV,20,8,4,0,0,35
2020-02-06,Damian Lillard,adidas Dame 6,26,2,10,0,0,37
2020-02-06,Derrick White,Nike Kobe AD Mid,15,1,3,0,1,23
2020-02-06,Gary Trent Jr.,Nike Kobe AD NXT,18,0,4,0,1,23
2020-02-06,Jakob Poeltl,Nike Hyperdunk X,3,4,2,0,0,11
2020-02-06,Wesley Matthews,Nike Kobe Mamba Focus,8,4,1,0,1,31
2020-02-06,Alex Caruso,Nike Kobe IV Protro,12,0,4,1,0,26
2020-02-06,Anthony Davis,Nike Kobe V,32,13,3,3,3,40
2020-02-06,Avery Bradley,Nike Kobe IV Protro,15,1,4,0,0,26
2020-02-05,Duncan Robinson,Nike Zoom KD12,11,5,0,1,0,34
2020-02-05,Patrick Beverley,adidas Harden Vol. 4,5,5,2,0,1,22
2020-02-05,Bojan Bogdanovic,adidas Pro Bounce 2019 Low,16,5,5,1,0,34
2020-02-05,Gary Harris,Nike Zoom Freak 1,5,8,5,1,0,38
2020-02-05,Mike Conley,Air Jordan XXXIV,21,8,5,1,0,34
2020-02-05,PJ Dozier,Nike Kyrie Low 2,5,3,1,3,1,24
2020-02-05,Torrey Craig,Nike Kobe X Low,8,12,0,0,1,36
2020-02-05,Vlatko Cancar,adidas Pro Bounce 2019 Low,4,4,0,0,1,16
2020-02-05,Jalen Brunson,Nike Kobe IV Protro,20,2,6,0,0,32
2020-02-05,Jaren Jackson Jr.,Nike Zoom KD12,19,6,3,1,2,31
2020-02-05,Jonas Valanciunas,Nike Air Max Dominate,8,10,0,0,0,27
2020-02-05,Josh Jackson,Under Armour Anatomix Spawn 2,7,6,2,1,0,20
2020-02-05,Kyle Anderson,Nike Kobe IV Protro,6,5,6,1,0,26
2020-02-05,Danilo Gallinari,adidas Harden Vol. 4,15,5,1,1,0,30
2020-02-05,Nerlens Noel,Nike PG 3,6,3,1,0,1,18
2020-02-05,Shai Gilgeous-Alexander,Nike Kobe AD Mid,23,10,3,2,2,39
2020-02-05,Steven Adams,adidas D Rose 7,6,8,3,0,0,29
2020-02-05,Andrew Wiggins,Nike Kobe Ad,25,7,7,2,1,36
2020-02-05,Gorgui Dieng,Nike Kobe AD Mid,4,4,4,0,0,9
2020-02-05,Christian Wood,Nike Kobe IV Protro,21,8,1,1,0,32
2020-02-05,Jevon Carter,AND1 Attack 2.0,3,0,0,0,0,11
2020-02-05,Mo Bamba,Under Armour HOVR Havoc 2,2,2,0,0,1,6
2020-02-05,Nikola Vucevic,Nike Zoom Freak 1,12,10,2,0,1,32
2020-02-05,Marquese Chriss,Nike Kobe IV Protro,8,7,0,0,3,28
2020-02-05,Omari Spellman,Nike Kyrie 5,1,1,1,0,0,27
2020-02-05,Goga Bitadze,adidas ZoneBoost,0,0,0,0,0,2
2020-02-05,Jeremy Lamb,Nike PG 3,5,1,1,1,0,24
2020-02-05,Justin Holiday,Nike Kobe IV Protro,22,5,3,3,1,31
2020-02-04,Brandon Ingram,adidas Pro Adversary Low 2019,32,7,1,2,1,35
2020-02-04,Lonzo Ball,Nike Kobe 6,11,14,3,0,1,38
2020-02-04,Wesley Matthews,Nike Kobe Mamba Focus,17,2,2,0,1,28
2020-02-04,Austin Rivers,adidas Crazy BYW X,11,4,3,1,0,29
2020-02-04,Ben McLemore,Nike Zoom Freak 1,14,2,4,0,1,36
2020-02-04,Alex Caruso,Nike Kobe IV Protro,2,0,0,1,0,10
2020-02-04,Anthony Davis,Nike Kobe V,18,5,1,1,0,29
2020-02-04,Avery Bradley,Nike Kobe IV Protro,8,5,1,0,1,20
2020-02-04,Danny Green,Puma Clyde Hardwood,5,7,2,1,1,18
2020-02-04,Derrick White,Nike Kobe AD Mid,5,2,5,1,1,23
2020-02-04,Rajon Rondo,Anta RR6,7,4,9,0,0,21
2020-02-04,Mario Hezonja,Nike Kobe IV Protro,9,0,1,0,0,12
2020-02-04,Nassir Little,Nike Zoom KD12,6,5,0,1,1,19
2020-02-04,Nikola Jokic,Nike Hyperdunk X,29,13,9,2,3,30
2020-02-03,LaMarcus Aldridge,Air Jordan 13 Retro,27,9,5,0,2,33
2020-02-03,Lonnie Walker IV,adidas Harden Vol. 4,2,2,0,0,1,20
2020-02-03,Harrison Barnes,Air Jordan XXXIV,14,5,7,0,0,34
2020-02-03,Harry Giles III,Nike Kyrie 5,6,1,0,0,0,12
2020-02-03,Karl-Anthony Towns,Nike Hyperdunk X,22,10,6,1,2,37
2020-02-03,Keita Bates-Diop,Nike Kobe IV Protro,0,0,0,0,0,5
2020-02-03,Kelan Martin,Nike PG 4,12,5,1,0,0,19
2020-02-03,Kent Bazemore,Under Armour Curry 7,4,6,1,1,1,23
2020-02-03,De'Anthony Melton,Nike Kobe AD NXT 2017,2,0,1,1,0,14
2020-02-03,Langston Galloway,Q4 495 LO,17,2,3,0,0,36
2020-02-03,Solomon Hill,Nike Kobe 1 Protro,0,1,2,0,0,13
2020-02-03,Tyus Jones,Nike Kyrie 6,13,2,5,1,0,20
2020-02-03,Cody Martin,Air Jordan XXXIV,13,8,3,3,0,28
2020-02-03,Ben Simmons,Nike Zoom Rize,16,8,7,0,0,34
2020-02-03,Furkan Korkmaz,Nike Zoom Freak 1,6,2,2,0,0,16
2020-02-03,Kendrick Nunn,Puma Clyde Hardwood,9,3,3,1,0,24
2020-02-03,Zhaire Smith,Puma Clyde Hardwood,2,0,0,1,0,4
2020-02-03,Kevin Love,Nike Zoom Rize,33,13,6,0,1,41
2020-02-03,Kevin Porter Jr.,Puma Clyde Hardwood,12,0,3,2,0,24
2020-02-03,Larry Nance Jr.,adidas Marquee Boost,18,8,6,0,1,42
2020-02-03,Aaron Holiday,Nike Kobe IV Protro,7,2,4,1,0,24
2020-02-03,J.J. Barea,Nike Kobe IV Protro,3,0,0,0,0,9
2020-02-03,T.J. McConnell,Under Armour HOVR Havoc 2,8,5,4,0,0,16
2020-02-03,Victor Oladipo,Jordan Why Not? Zer0.3,9,0,2,0,1,23
2020-02-03,Gary Payton II,Nike Kyrie 6,0,0,1,0,0,11
2020-02-03,Glenn Robinson III,Nike Kobe V,22,6,7,1,0,31
2020-02-03,Ian Mahinmi,Nike Kobe Ad,2,5,0,1,0,9
2020-02-03,Isaac Bonga,Nike PG 2.5,1,0,0,0,0,9
2020-02-03,Jacob Evans,Anta KT5 Low,7,2,3,1,3,25
2020-02-03,Jordan Poole,Nike Zoom Freak 1,2,0,1,0,0,14
2020-02-03,Kevon Looney,Anta KT5,2,4,3,1,0,9
2020-02-03,Troy Brown Jr.,Nike Zoom Freak 1,6,3,3,1,1,22
2020-02-03,Brad Wanamaker,Nike Kyrie Low 2,16,3,5,4,0,27
2020-02-03,Damian Jones,Nike Kyrie Low 2,4,2,1,0,0,17
2020-02-02,Brandon Ingram,adidas Pro Adversary Low 2019,28,12,3,0,0,38
2020-02-02,Thabo Sefolosha,Nike Air Max 90,4,3,1,3,1,18
2020-02-02,Adam Mokoka,Nike Kyrie 3,0,2,0,0,0,4
2020-02-02,Chandler Hutchison,Nike Kobe XI Low,17,5,1,1,0,27
2020-02-02,Coby White,adidas Marquee Boost Low,12,1,5,0,0,24
2020-02-02,Patrick McCaw,Nike PG 3,10,2,2,1,0,22
2020-02-02,Paul Watson,Nike Zoom Freak 1,1,1,1,0,0,3
2020-02-02,Eric Bledsoe,Nike LeBron Soldier 13,12,7,4,0,1,31
2020-02-02,Ersan Ilyasova,Nike Kobe AD Mid,8,4,0,0,0,14
2020-02-02,Jevon Carter,AND1 Attack 2.0,15,4,2,3,0,27
2020-02-02,Wesley Matthews,Nike Kobe Mamba Focus,2,1,1,0,0,13
2020-02-01,Bojan Bogdanovic,adidas Pro Bounce 2019 Low,22,2,1,1,0,28
2020-02-01,Donovan Mitchell,adidas D.O.N. Issue 1,25,2,4,1,0,32
2020-02-01,Rayjon Tucker,Nike Air Foamposite One,2,1,0,0,0,2
2020-02-01,Royce O'Neale,Nike Kobe Ad,3,6,1,2,1,23
2020-02-01,Bogdan Bogdanovic,Nike Kobe IV Protro,8,2,1,1,0,27
2020-02-01,Dwight Howard,Nike Kobe Ad,0,9,0,0,2,18
2020-02-01,JaVale McGee,Nike Hyperdunk X,7,8,1,0,0,15
2020-02-01,Jared Dudley,Nike Kyrie 6,0,1,0,0,0,3
2020-02-01,Lou Williams,Peak Taichi Flash,17,4,6,1,0,29
2020-02-01,Maurice Harkless,Nike LeBron 17,2,2,0,0,0,15
2020-02-01,Robert Covington,Nike Kobe Ad,12,5,0,3,2,35
2020-02-01,Marco Belinelli,Nike Hyperdunk 2017 Flyknit,1,1,3,0,0,15
2020-02-01,Jalen Brunson,Nike Kobe V,27,4,8,0,0,27
2020-02-01,Jeff Teague,Nike Kobe IV Protro,6,4,8,1,0,30
2020-02-01,John Collins,adidas Pro Model 2G,26,11,0,0,0,33
2020-02-01,Kevin Huerter,Nike Zoom KD12,20,1,3,1,0,40
2020-02-01,Trae Young,adidas N3XT L3V3L,12,6,1,0,0,26
2020-02-01,Brad Wanamaker,Nike Kyrie Low 2,15,1,3,2,0,26
2020-02-01,Marcus Smart,Puma Clyde Hardwood,16,4,4,2,0,34
2020-02-01,Romeo Langford,Nike Kobe 8,1,1,1,0,0,3
2020-02-01,Semi Ojeleye,Nike PG 3,11,5,0,1,0,24
2020-02-01,Tacko Fall,Nike Zoom Rize,2,0,0,0,0,2
2020-02-01,Garrett Temple,Nike Zoom KD12,17,5,1,1,1,36
2020-02-01,Ish Smith,Nike Kyrie 6,11,5,4,0,0,24
2020-02-01,Wilson Chandler,Nike Kobe IV Protro,2,3,0,0,0,19
2020-02-01,Glenn Robinson III,Nike Kobe V,22,1,1,3,1,25
2020-02-01,Jacob Evans,Anta KT5 Low,6,1,0,1,0,13
2020-02-01,Jordan Poole,Nike Zoom Freak 1,3,3,3,0,0,12
2020-02-01,Kevon Looney,Anta KT5,2,4,0,2,1,12
2020-02-01,Aaron Gordon,361 Big 3,24,5,1,2,0,34
2020-02-01,Derrick Jones Jr.,Puma Clyde Hardwood,3,7,3,0,3,27
2020-02-01,Duncan Robinson,Nike Zoom KD12,9,1,3,0,0,22
2020-02-01,Tyler Herro,Nike PG 3,23,3,0,0,0,26
2020-01-31,Anfernee Simons,Nike Kobe A.D. Low 2017,4,0,2,0,0,15
2020-01-31,JaVale McGee,Nike Hyperdunk X,6,3,0,0,2,14
2020-01-31,Kentavious Caldwell-Pope,Nike LeBron 17,8,1,1,1,0,21
2020-01-31,Nassir Little,Nike Zoom KD12,8,0,0,0,0,11
2020-01-31,Trevor Ariza,Nike Kobe V,2,4,3,5,1,39
2020-01-31,Bruce Brown,Nike Kyrie 5,4,2,3,0,0,18
2020-01-31,Christian Wood,Nike Kobe IV Protro,7,5,0,0,0,12
2020-01-31,Derrick Rose,adidas Rose 10,21,0,3,0,0,29
2020-01-31,O.G. Anunoby,Nike Kobe AD NXT,6,2,1,0,0,23
2020-01-31,Oshae Brissett,Nike PG 4,0,0,0,0,0,1
2020-01-31,Pascal Siakam,Nike Zoom KD12,30,7,4,0,0,35
2020-01-31,Thon Maker,Nike Kobe XI Low,1,1,2,1,1,14
2020-01-31,Tony Snell,Nike Zoom Rize,6,4,4,2,2,31
2020-01-31,Luguentz Dort,adidas Harden Vol. 4,8,2,0,3,0,26
2023-05-25,Al Horford,Nike PG 6,6,11,5,1,1,29
2023-05-25,Bam Adebayo,Air Jordan 36 Low,16,8,3,2,1,31
2023-05-25,Caleb Martin,Nike KD 14,14,5,0,0,0,31
2023-05-25,Cody Zeller,Air Jordan 37,4,2,0,0,0,4
2023-05-25,Derrick White,Nike LeBron XX,24,3,1,2,0,37
2023-05-25,Duncan Robinson,Nike KD 14,18,4,9,0,0,27
2023-05-25,Grant Williams,Jordan Luka 1,6,4,0,0,1,26
2023-05-25,Haywood Highsmith,Nike Kobe 6,15,2,1,2,0,36
2023-05-25,Jaylen Brown,Nike Kobe 6,21,2,2,3,0,36
2023-05-25,Jayson Tatum,Jordan Tatum 1,21,8,11,2,0,40
2023-05-25,Jimmy Butler,Li-Ning JB1,14,5,5,2,0,33
2023-05-25,Justin Champagnie,Nike Air Zoom G.T. Cut 2,0,0,0,0,0,2
2023-05-25,Kevin Love,Nike Air Zoom G.T. Run,6,6,0,0,0,13
2023-05-25,Kyle Lowry,adidas CrazyLight Boost 2016 Low,5,2,1,0,0,30
2023-05-25,Luke Kornet,Nike LeBron 17,0,0,0,0,1,3
2023-05-25,Malcolm Brogdon,Nike Zoom Freak 1,0,0,0,0,0,7
2023-05-25,Marcus Smart,Puma TRC Blaze,23,3,2,5,0,29
2023-05-25,Max Strus,Nike Air Zoom G.T. Cut,3,0,1,0,0,24
2023-05-25,Nikola Jovic,adidas Harden Vol. 3,0,0,0,0,0,3
2023-05-25,Omer Yurtseven,Nike LeBron XX,2,2,0,0,1,3
2023-05-25,Payton Pritchard,Nike Kobe IV Protro,0,1,1,0,0,4
2023-05-25,Robert Williams III,Nike LeBron 18 Low,6,4,1,0,1,17
2023-05-25,Sam Hauser,Nike KD 15,3,1,0,0,0,3
2023-05-23,Alyssa Thomas,Nike Kobe IV Protro,22,10,5,2,0,35
2023-05-23,Amanda Zahui B.,adidas BYW Select,0,0,0,0,0,1
2023-05-23,Ariel Atkins,Nike LeBron XX,7,2,3,1,0,22
2023-05-23,Brionna Jones,Nike KD 14,12,6,1,0,1,23
2023-05-23,Brittney Sykes,Nike Air Zoom G.T. Cut 2,17,7,4,1,0,32
2023-05-23,DeWanna Bonner,Nike Zoom Freak 4,15,1,4,2,1,31
2023-05-23,Elena Delle Donne,Nike Air Deldon 1,27,7,4,0,1,35
2023-05-23,Kristi Toliver,Nike Kobe 6,1,0,0,0,0,11
2023-05-23,Lauren Cox,Nike Hyperdunk X,0,0,0,0,0,0
2023-05-23,Leigha Brown,Jordan Luka 1,0,1,0,0,0,5
2023-05-23,Li Meng,Nike LeBron XX,0,0,0,0,0,2
2023-05-23,Natasha Cloud,Converse All Star BB Evo Low,9,1,3,0,0,33
2023-05-23,Natisha Hiedeman,Air Jordan 36,13,3,1,2,0,37
2023-05-23,Olivia Nelson-Ododa,Nike Kyrie Low 4,8,2,1,0,2,15
2023-05-23,Rebecca Allen,Nike LeBron XX,2,4,0,1,0,13
2023-05-23,Shakira Austin,Nike Air Zoom G.T. Cut 2,14,8,1,3,0,27
2023-05-23,Shatori Walker-Kimbrough,Nike Air Deldon 1,0,1,1,0,0,17
2023-05-23,Tianna Hawkins,Nike Air Deldon 1,6,7,2,0,0,15
2023-05-23,Tiffany Hayes,Nike Kyrie Low 5,13,3,8,1,0,30
2023-05-23,Tyasha Harris,Under Armour Spawn 5,3,0,1,1,0,6
2023-05-23,Aari McDonald,Nike LeBron XX,6,3,6,0,0,30
2023-05-23,Aerial Powers,Jordan Tatum 1,10,2,0,0,0,8
2023-05-23,Allisha Gray,Nike Air Zoom G.T. Cut 2,26,10,1,1,2,34
2023-05-23,Asia (AD) Durr,Air Jordan 36,7,0,3,0,0,16
2023-05-23,Bridget Carleton,Nike Air Zoom G.T. Cut 2,0,0,0,0,0,4
2023-05-23,Cheyenne Parker,Nike Giannis Immortality 2,12,2,2,1,1,24
2023-05-23,Diamond Miller,Under Armour Flow FUTR X 2,8,1,3,3,0,22
2023-05-23,Dorka Juhász,Nike KD 14,0,4,2,3,0,13
2023-05-23,Haley Jones,Nike Air Zoom G.T. Cut 2,2,4,2,1,0,9
2023-05-23,Jessica Shepard,Nike PG 6,8,10,4,0,0,31
2023-05-23,Kayla McBride,Nike Kobe 6,8,5,3,1,0,33
2023-05-23,Lindsay Allen,Nike Kyrie Low 5,8,3,3,0,0,30
2023-05-23,Monique Billings,Nike Air Zoom G.T. Jump,6,4,1,0,0,18
2023-05-23,Napheesa Collier,Nike Kobe IV Protro,20,5,5,2,1,24
2023-05-23,Naz Hillmon,Nike Air Zoom G.T. Cut 2,13,4,0,0,0,19
2023-05-23,Nia Coffey,Nike Kyrie 7,3,2,0,0,2,16
2023-05-23,Nikolina Milic,Nike PG 5,5,0,0,0,0,2
2023-05-23,Rachel Banham,Nike Kobe V,0,0,0,0,0,0
2023-05-23,Rhyne Howard,Jordan Luka 1,8,4,6,3,1,28
2023-05-23,Tiffany Mitchell,Nike Kobe 8,10,3,3,1,0,26
2023-05-23,Al Horford,Nike PG 6,12,7,4,0,1,25
2023-05-23,Bam Adebayo,Jordan One Take II,10,5,0,1,0,35
2023-05-23,Caleb Martin,Nike KD 14,16,4,1,0,1,35
2023-05-23,Cody Zeller,Air Jordan 37,5,3,0,0,0,12
2023-05-23,Derrick White,Nike LeBron XX,16,2,2,2,2,27
2023-05-23,Duncan Robinson,Nike KD 14,2,1,1,0,0,10
2023-05-23,Gabe Vincent,Nike LeBron XX,17,1,4,0,0,27
2023-05-23,Grant Williams,Jordan Luka 1,14,6,2,1,1,29
2023-05-23,Haywood Highsmith,Nike Kobe 6,0,0,0,0,0,1
2023-05-23,Jaylen Brown,Nike Kobe 6,17,4,4,2,0,37
2023-05-23,Jayson Tatum,Jordan Tatum 1,33,11,7,1,2,42
2023-05-23,Jimmy Butler,Li-Ning JB1,29,9,5,1,1,38
2023-05-23,Justin Champagnie,Nike PG 6,0,0,0,0,0,1
2023-05-23,Kevin Love,Nike Air Zoom G.T. Run,6,4,0,1,0,11
2023-05-23,Kyle Lowry,adidas CrazyLight Boost 2016 Low,5,8,6,2,0,27
2023-05-23,Luke Kornet,Nike Air Zoom G.T. Jump,0,0,0,0,0,1
2023-05-23,Malcolm Brogdon,Nike Zoom Freak 1,2,5,3,0,0,16
2023-05-23,Marcus Smart,Puma TRC Blaze,11,3,6,2,0,35
2023-05-23,Max Strus,Nike Air Zoom G.T. Cut,9,7,1,0,0,35
2023-05-23,Mike Muscala,Nike KD 15,0,0,0,0,0,1
2023-05-23,Nikola Jovic,adidas Harden Vol. 3,0,1,0,0,0,1
2023-05-23,Omer Yurtseven,Nike LeBron XX,0,1,0,0,0,1
2023-05-23,Payton Pritchard,Nike Kobe IV Protro,4,0,0,0,0,1
2023-05-23,Robert Williams III,Nike LeBron 18 Low,7,1,0,0,2,21
2023-05-23,Sam Hauser,Nike KD 15,0,0,0,0,0,1
2023-05-22,Aaron Gordon,361 AG3,22,6,5,0,2,40
2023-05-22,Anthony Davis,Nike LeBron XX,21,14,1,1,3,40
2023-05-22,Austin Reaves,Rigorer War Ender,17,2,3,0,0,40
2023-05-22,Bruce Brown,Nike Kobe 6,6,2,0,0,0,20
2023-05-22,D'Angelo Russell,Li-Ning Way Of Wade 10,4,2,2,0,1,14
2023-05-22,Dennis Schroder,Puma Fusion Nitro Spectra,13,2,5,2,0,38
2023-05-22,Jamal Murray,New Balance Two WXY 3,25,3,5,2,1,43
2023-05-22,Jeff Green,Air Jordan 37 Low,2,1,0,0,1,10
2023-05-22,Kentavious Caldwell-Pope,Nike Kobe 6,13,4,1,0,1,39
2023-05-22,LeBron James,Nike LeBron XX,40,10,9,2,0,47
2023-05-22,Lonnie Walker IV,adidas Harden Vol. 7,2,0,0,0,0,6
2023-05-22,Michael Porter Jr.,Nike PG 5,15,10,1,0,1,40
2023-05-22,Nikola Jokic,Nike Air Zoom G.T. Jump,30,14,13,1,3,45
2023-05-22,Rui Hachimura,Air Jordan 36,10,7,0,0,0,41
2023-05-22,Tristan Thompson,Nike LeBron XX,4,1,0,0,0,9
2023-05-21,Alanna Smith,Nike Cosmic Unity 2,6,3,0,0,1,16
2023-05-21,Brianna Turner,Nike LeBron XX,1,10,3,1,1,22
2023-05-21,Brittney Griner,Nike Air Zoom G.T. Jump,27,10,1,1,4,31
2023-05-21,Courtney Williams,Moolah Neovolt Pro,12,6,7,0,0,36
2023-05-21,Dana Evans,Jordan Tatum 1,13,4,5,0,0,33
2023-05-21,Diana Taurasi,Nike LeBron 17,16,1,6,0,1,33
2023-05-21,Elizabeth Williams,adidas Dame 8,10,8,3,2,0,26
2023-05-21,Evina Westbrook,Nike LeBron XX,0,1,0,0,0,4
2023-05-21,Kadi Sissoko,Nike Kobe 6,0,0,0,0,0,3
2023-05-21,Kahleah Copper,adidas Exhibit Select,15,5,1,1,0,28
2023-05-21,Kristine Anigwe,Nike KD 13,4,5,0,0,2,12
2023-05-21,Michaela Onyenwere,Nike Air Zoom G.T. Cut,4,3,1,1,1,29
2023-05-21,Morgan Bertsch,Nike PG 6,8,7,2,0,1,24
2023-05-21,Moriah Jefferson,adidas Dame 8,6,0,2,1,1,26
2023-05-21,Rebekah Gardner,Nike Air Zoom G.T. Cut 2,7,1,1,0,0,13
2023-05-21,Robyn Parks,Nike KD 15,0,0,0,1,1,7
2023-05-21,Sophie Cunningham,adidas Dame 8,2,3,2,0,0,19
2023-05-21,Sug Sutton,Nike Ja 1,13,1,2,2,0,30
2023-05-21,Aliyah Boston,adidas Exhibit Select,15,4,2,1,2,29
2023-05-21,Betnijah Laney,adidas Harden Vol. 7,5,3,3,1,0,22
2023-05-21,Breanna Stewart,Puma Stewie 2,45,12,3,1,1,30
2023-05-21,Courtney Vandersloot,Nike Air Zoom G.T. Cut 2,11,0,8,0,0,26
2023-05-21,Emma Cannon,Nike LeBron XX,3,3,0,0,0,11
2023-05-21,Epiphanny Prince,Nike Kobe 7,3,2,2,2,1,21
2023-05-21,Erica Wheeler,adidas Exhibit Select,2,0,1,0,0,14
2023-05-21,Grace Berger,Nike LeBron XX,2,0,1,1,1,3
2023-05-21,Han Xu,Nike Air Zoom G.T. Cut 2,0,0,0,0,1,7
2023-05-21,Jocelyn Willoughby,Nike Kyrie Infinity (Kyrie 8),0,0,1,0,0,6
2023-05-21,Jonquel Jones,Nike KD 15,14,3,0,0,0,17
2023-05-21,Kayla Thornton,New Balance Two WXY 3,2,5,0,1,0,21
2023-05-21,Kelsey Mitchell,Nike KD 14,10,3,3,3,0,29
2023-05-21,Kristy Wallace,Nike LeBron XX,11,3,1,1,0,25
2023-05-21,Lexie Hull,Nike Air Zoom G.T. Cut 2,3,6,1,1,1,21
2023-05-21,Maya Caldwell,Nike Kobe 6,2,0,1,0,0,11
2023-05-21,NaLyssa Smith,Puma MB.02 Low,16,12,0,1,0,24
2023-05-21,Queen Egbo,Nike KD 15,4,2,0,0,0,10
2023-05-21,Sabrina Ionescu,Nike Sabrina 1,9,8,8,2,1,29
2023-05-21,Stefanie Dolson,Jordan Luka 1,1,3,3,0,1,15
2023-05-21,Victaria Saxton,Nike KD 15,0,1,0,0,0,1
2023-05-21,Victoria Vivians,Nike Zoom Freak 4,5,1,1,0,0,16
2023-05-21,Adam Hanga,Nike Kyrie Low 4,2,3,0,0,0,11
2023-05-21,Anthony Randolph,adidas Pro Bounce 2019 Low,3,2,0,1,0,4
2023-05-21,Dzanan Musa,adidas Trae Young 2.0,6,1,4,0,0,15
2023-05-21,Eli Ndiaye,Jordan Luka 1,3,0,0,0,0,5
2023-05-21,Fabien Causeur,Nike Kyrie Low 5,11,2,0,0,0,17
2023-05-21,Giannoulis Larentzakis,Under Armour Curry Flow 10,0,0,1,0,0,6
2023-05-21,Isaiah Canaan,Nike KD 14,21,2,2,0,0,22
2023-05-21,Joel Bolomboy,Nike Giannis Immortality 2,2,1,0,0,0,9
2023-05-21,Kostas Papanikolaou,Nike Zoom Freak 4,6,3,2,1,0,21
2023-05-21,Kostas Sloukas,adidas Dame 8,6,2,3,0,0,23
2023-05-21,Mario Hezonja,Nike Kobe 6,12,3,0,2,0,34
2023-05-21,Moustapha Fall,Nike Zoom Freak 4,0,5,1,0,0,25
2023-05-21,Nigel Williams-Goss,Nike KD 13,9,2,2,1,0,18
2023-05-21,Rudy Fernandez,Air Jordan 37,3,2,2,0,0,16
2023-05-21,Sasha Vezenkov,Nike Kyrie Low 2,29,9,4,0,1,39
2023-05-21,Sergio Llull,Jordan Luka 1,2,1,0,0,0,12
2023-05-21,Sergio Rodriguez,adidas D.O.N. Issue 4,15,4,9,1,0,28
2023-05-21,Shaquielle McKissic,Nike PG 6,14,0,2,0,0,17
2023-05-21,Tarik Black,Nike LeBron XX,0,0,0,0,0,4
2023-05-21,Thomas Walkup,Under Armour Curry Flow 10,0,2,6,0,0,28
2023-05-21,Walter Tavares,Nike Zoom Rize 2,13,10,2,1,0,34
2023-05-21,Alex Abrines,adidas D.O.N. Issue 4,9,3,2,1,0,23
2023-05-21,Alpha Diallo,Nike Kobe V,10,6,2,0,0,17
2023-05-21,Chima Moneke,adidas Harden Vol. 7,4,3,0,0,0,8
2023-05-21,Donatas Motiejunas,adidas D.O.N. Issue 3,2,2,1,1,1,15
2023-05-21,Donta Hall,Nike Kyrie 5,9,11,1,0,1,24
2023-05-21,Elie Okobo,Nike Kobe V,10,3,4,1,0,25
2023-05-21,James Nnaji,Jordan Westbrook One Take,7,4,1,0,2,12
2023-05-21,Jan Vesely,adidas Dame 8,6,4,1,0,0,20
2023-05-21,Jaron Blossomgame,Nike KD 15,9,1,0,0,1,15
2023-05-21,John Brown,Nike Kyrie Infinity (Kyrie 8),2,3,0,2,0,13
2023-05-21,Jordan Loyd,Nike Kobe V,9,2,6,2,0,22
2023-05-21,Kyle Kuric,Nike LeBron XX,7,2,1,1,0,20
2023-05-21,Matthew Strazel,Nike KD 6 Elite,14,2,1,0,0,22
2023-05-21,Mike James,adidas Harden Vol. 7,3,0,1,2,0,6
2023-05-21,Mike Tobey,Nike KD 15,2,3,1,0,0,12
2023-05-21,Nicolas Laprovittola,Nike Kobe V,5,0,4,2,0,22
2023-05-21,Nikola Kalinic,Nike Zoom Freak 4,4,2,2,1,0,13
2023-05-21,Nikola Mirotic,Nike Zoom Freak 4,15,2,1,4,0,24
2023-05-21,Rokas Jokubaitis,Nike KD 15,0,0,4,0,0,14
2023-05-21,Sergi Martinez,Nike Kobe IV Protro,2,0,0,0,0,2
2023-05-21,Sertac Sanli,adidas Dame 8,2,1,0,0,0,7
2023-05-21,Tomas Satoransky,adidas Dame 7 EXTPLY,7,3,4,1,0,25
2023-05-21,Yakuba Ouattara,Nike LeBron XX,2,1,1,0,0,20
2023-05-21,Yoan Makoundou,Nike Kobe 6,4,1,0,0,0,7
2023-05-21,Alyssa Thomas,Nike Kobe IV Protro,14,16,6,3,0,37
2023-05-21,Amanda Zahui B.,adidas BYW Select,3,1,1,0,0,8
2023-05-21,Ariel Atkins,Nike Air Deldon 1,8,1,3,0,0,32
2023-05-21,Brionna Jones,Nike KD 14,15,10,3,2,0,27
2023-05-21,Brittney Sykes,Nike Kobe 6,4,4,4,1,0,25
2023-05-21,DeWanna Bonner,Nike Zoom Freak 4,21,3,2,2,0,31
2023-05-21,Elena Delle Donne,Nike Air Deldon 1,19,11,1,1,2,33
2023-05-21,Kristi Toliver,Nike Kobe 6,3,0,0,0,0,9
2023-05-21,Natasha Cloud,Converse All Star BB Shift,13,3,6,2,1,32
2023-05-21,Natisha Hiedeman,Air Jordan 36,6,2,3,0,0,22
2023-05-21,Olivia Nelson-Ododa,Nike Kyrie Low 4,5,5,0,0,2,15
2023-05-21,Rebecca Allen,Nike LeBron XX,7,6,0,0,1,23
2023-05-21,Shakira Austin,Nike LeBron XX,21,11,2,0,1,26
2023-05-21,Shatori Walker-Kimbrough,Nike Air Deldon 1,0,1,1,0,1,19
2023-05-21,Tianna Hawkins,Nike Air Deldon 1,3,6,0,0,0,10
2023-05-21,Tiffany Hayes,Nike Kyrie Low 5,8,3,2,0,0,22
2023-05-21,Tyasha Harris,Under Armour Spawn 5,4,1,1,0,0,20
2023-05-21,Al Horford,Nike PG 6,8,1,1,0,0,18
2023-05-21,Bam Adebayo,Jordan One Take II,13,3,2,1,1,25
2023-05-21,Caleb Martin,Nike KD 14,18,3,4,1,0,34
2023-05-21,Cody Zeller,Air Jordan 37,4,4,0,0,2,17
2023-05-21,Derrick White,Nike LeBron XX,9,4,2,1,2,26
2023-05-21,Duncan Robinson,Nike KD 14,22,2,4,0,0,22
2023-05-21,Gabe Vincent,Nike LeBron XX,29,2,3,1,1,35
2023-05-21,Grant Williams,Jordan Luka 1,12,3,2,0,0,28
2023-05-21,Haywood Highsmith,Nike Kobe 6,0,0,1,0,0,4
2023-05-21,Jaylen Brown,Nike Kobe V,12,6,2,0,0,27
2023-05-21,Jayson Tatum,Jordan Tatum 1,14,10,2,2,0,33
2023-05-21,Jimmy Butler,Li-Ning JB1,16,8,6,2,0,31
2023-05-21,Kevin Love,Nike Air Zoom G.T. Run,5,2,0,0,0,4
2023-05-21,Kyle Lowry,adidas CrazyLight Boost 2016 Low,7,5,4,1,0,28
2023-05-21,Luke Kornet,Nike Air Zoom G.T. Jump,11,4,0,0,0,12
2023-05-21,Malcolm Brogdon,Nike Zoom Freak 1,0,2,2,0,0,18
2023-05-21,Marcus Smart,Puma TRC Blaze,8,9,8,0,0,30
2023-05-21,Max Strus,Nike Air Zoom G.T. Cut,10,3,1,1,0,25
2023-05-21,Mike Muscala,Nike KD 15,3,2,0,0,0,7
2023-05-21,Nikola Jovic,adidas Dame 6,2,3,0,0,0,4
2023-05-21,Omer Yurtseven,Nike LeBron XX,2,0,0,0,0,4
2023-05-21,Payton Pritchard,Nike Kobe IV Protro,12,2,5,0,0,12
2023-05-21,Robert Williams III,Nike LeBron 18 Low,8,8,0,0,0,12
2023-05-21,Sam Hauser,Nike KD 15,5,6,1,0,1,12
2023-05-20,Aaron Gordon,361 Unknow,7,3,4,0,1,32
2023-05-20,Anthony Davis,Nike LeBron XX,28,18,1,0,2,41
2023-05-20,Austin Reaves,Rigorer War Ender,23,7,5,1,0,39
2023-05-20,Bruce Brown,Nike Kobe 6,15,5,5,1,0,28
2023-05-20,Christian Braun,Nike Kobe 6,0,1,0,0,0,3
2023-05-20,D'Angelo Russell,Li-Ning Way Of Wade 10,3,3,4,0,0,20
2023-05-20,Dennis Schroder,Puma Fusion Nitro Spectra,5,0,1,1,0,24
2023-05-20,Jamal Murray,New Balance Two WXY 3,37,7,6,2,0,41
2023-05-20,Jarred Vanderbilt,Nike Kobe 6,2,1,0,0,0,13
2023-05-20,Jeff Green,Air Jordan 37 Low,5,4,1,0,0,23
2023-05-20,Kentavious Caldwell-Pope,Nike Kobe 6,17,3,0,2,0,34
2023-05-20,LeBron James,Nike LeBron 2,23,7,12,0,0,42
2023-05-20,Lonnie Walker IV,adidas Harden Vol. 7,9,1,2,0,0,18
2023-05-20,Malik Beasley,Xtep Battle,0,0,0,0,0,0
2023-05-20,Max Christie,Nike Kobe 6,0,1,0,0,0,0
2023-05-20,Michael Porter Jr.,Nike PG 5,14,10,6,1,0,38
2023-05-20,Nikola Jokic,Nike Air Zoom G.T. Jump,24,6,8,1,0,38
2023-05-20,Rui Hachimura,Air Jordan 36,13,6,1,1,0,33
2023-05-20,Shaquille Harrison,Nike Air Zoom G.T. Cut 2,0,0,1,0,0,0
2023-05-20,Tristan Thompson,Nike LeBron XX,0,0,0,0,0,0
2023-05-20,Troy Brown Jr.,Nike Kobe 6,2,1,0,0,0,0
2023-05-20,A'ja Wilson,Nike Cosmic Unity 3,13,13,1,1,1,27
2023-05-20,Alysha Clark,adidas D.O.N. Issue 4,10,1,1,1,1,22
2023-05-20,Arella Guirantes,Jordan Luka 1,5,1,0,0,2,11
2023-05-20,Candace Parker,adidas Exhibit Select,12,4,5,1,3,23
2023-05-20,Cayla George,Under Armour Curry Flow 10,5,2,0,0,0,4
2023-05-20,Chelsea Gray,adidas Dame 8,14,6,6,1,1,32
2023-05-20,Dulcy Fankam Mendjiadeu,Nike Cosmic Unity,0,1,0,0,0,3
2023-05-20,Ezi Magbegor,Nike LeBron XX,7,5,0,4,0,28
2023-05-20,Ivana Dojkic,Nike Kobe 6,7,1,1,1,1,17
2023-05-20,Jackie Young,Puma Stewie 1,23,5,3,1,1,26
2023-05-20,Jade Melbourne,Nike Air Zoom G.T. Cut 2,2,0,1,0,0,6
2023-05-20,Jewell Loyd,Nike Precision 6,22,4,4,1,2,29
2023-05-20,Jordan Horston,Nike Cosmic Unity,8,5,3,3,0,23
2023-05-20,Kaila Charles,Nike LeBron XX,2,1,0,1,0,13
2023-05-20,Kelsey Plum,Under Armour Curry 1,23,5,5,1,0,31
2023-05-20,Kia Nurse,Air Jordan 38,0,1,0,0,0,10
2023-05-20,Kiah Stokes,Nike KD 13,2,9,0,0,1,22
2023-05-20,Kierstan Bell,Nike Air Zoom G.T. Cut,3,3,1,0,0,5
2023-05-20,Mercedes Russell,Nike KD 15,6,9,1,0,1,24
2023-05-20,Sami Whitcomb,adidas Exhibit A,1,0,2,1,0,13
2023-05-20,Sydney Colson,Nike Kyrie Flytrap 6,0,2,0,0,0,3
2023-05-20,Yvonne Turner,Under Armour Curry Flow 10,4,4,0,1,0,17
2023-05-20,Aari McDonald,Nike LeBron XX,6,2,1,0,0,29
2023-05-20,Allisha Gray,Nike Air Zoom G.T. Cut 2,10,7,7,0,0,30
2023-05-20,Arike Ogunbowale,Nike Air Zoom G.T. Cut 2,27,4,1,3,0,38
2023-05-20,Ashley Joens,Nike PG 6,2,0,0,0,0,3
2023-05-20,Asia (AD) Durr,Jordan Why Not? Zer0.5,12,1,2,1,0,18
2023-05-20,Awak Kuier,Nike LeBron XX,1,0,2,0,0,8
2023-05-20,Cheyenne Parker,Nike Giannis Immortality 2,18,11,3,3,0,29
2023-05-20,Crystal Dangerfield,Air Jordan 38,0,4,2,1,0,24
2023-05-20,Danielle Robinson,adidas D Rose 1.5 Low,2,1,2,0,0,7
2023-05-20,Haley Jones,Nike Air Zoom G.T. Cut 2,0,1,1,1,0,5
2023-05-20,Jasmine Dickey,Nike LeBron Witness 7,2,2,0,0,0,12
2023-05-20,Lorela Cubaj,Nike LeBron XX,0,1,0,0,1,4
2023-05-20,Maddy Siegrist,Puma MB.01 Low,0,0,0,0,0,3
2023-05-20,Natasha Howard,Nike Kobe 6,20,10,3,3,2,34
2023-05-20,Naz Hillmon,Nike Air Zoom G.T. Cut 2,7,8,0,0,0,18
2023-05-20,Nia Coffey,Nike Kyrie 7,3,3,0,1,4,20
2023-05-20,Rhyne Howard,Jordan Luka 1,20,10,2,0,1,35
2023-05-20,Satou Sabally,Jordan Luka 1,25,7,3,2,2,34
2023-05-20,Teaira McCowan,Nike LeBron XX,4,9,0,0,0,15
2023-05-20,Veronica Burton,Nike Air Zoom G.T. Cut 2,4,4,2,1,1,24
2023-05-19,Aerial Powers,Jordan Tatum 1,0,3,0,0,1,4
2023-05-19,Alanna Smith,Nike Cosmic Unity 2,15,4,1,2,3,20
2023-05-19,Bridget Carleton,Nike Air Zoom G.T. Cut 2,6,1,1,1,0,13
2023-05-19,Courtney Williams,Moolah Neovolt Pro,5,7,4,1,0,31
2023-05-19,Dana Evans,Jordan Tatum 1,2,0,2,0,0,15
2023-05-19,Diamond Miller,Under Armour Flow FUTR X 2,9,7,2,0,1,22
2023-05-19,Dorka Juhász,Nike KD 14,5,3,0,0,1,14
2023-05-19,Elizabeth Williams,adidas Dame 8,14,6,2,3,2,29
2023-05-19,Jessica Shepard,Nike PG 6,8,8,7,2,0,31
2023-05-19,Kahleah Copper,adidas Exhibit Select,20,7,5,2,0,28
2023-05-19,Kayla McBride,Nike Kobe 6,12,5,1,1,0,27
2023-05-19,Kristine Anigwe,Nike KD 13,0,2,0,1,0,10
2023-05-19,Marina Mabrey,Under Armour Curry Flow 10,5,4,2,1,0,22
2023-05-19,Morgan Bertsch,Nike PG 6,6,2,4,0,2,19
2023-05-19,Napheesa Collier,Nike Kobe IV Protro,17,5,2,1,4,30
2023-05-19,Nikolina Milic,Nike PG 5,2,1,0,0,0,7
2023-05-19,Rachel Banham,Nike Kobe V,0,4,2,3,0,25
2023-05-19,Rebekah Gardner,Nike Air Zoom G.T. Cut 2,10,3,3,4,1,21
2023-05-19,Tiffany Mitchell,Nike Kobe 8,7,3,1,0,1,22
2023-05-19,Brianna Turner,Nike LeBron XX,0,7,1,0,2,31
2023-05-19,Brittney Griner,Nike Air Zoom G.T. Jump,18,6,2,0,4,25
2023-05-19,Chiney Ogwumike,adidas Exhibit Select,15,7,1,1,0,24
2023-05-19,Dearica Hamby,Air Jordan 38,9,3,1,0,0,15
2023-05-19,Diana Taurasi,Nike LeBron 17,15,7,5,0,1,27
2023-05-19,Evina Westbrook,Nike LeBron XX,3,1,0,0,0,19
2023-05-19,Jordin Canada,Jordan Luka 1,5,3,5,2,0,30
2023-05-19,Joyner Holmes,Nike Air Zoom G.T. Cut,2,3,0,0,0,13
2023-05-19,Kadi Sissoko,Nike Kobe 6,2,2,0,0,0,8
2023-05-19,Karlie Samuelson,Puma TRC Blaze,13,3,1,0,0,26
2023-05-19,Layshia Clarendon,adidas D.O.N. Issue 4,5,3,4,2,0,20
2023-05-19,Lexie Brown,Reebok Solution Mid,14,4,2,1,1,22
2023-05-19,Liz Dixon,Nike Zoom Freak 4,0,0,0,0,0,4
2023-05-19,Michaela Onyenwere,Nike Air Zoom G.T. Cut,7,4,3,1,0,26
2023-05-19,Moriah Jefferson,adidas Dame 8,16,4,4,0,1,30
2023-05-19,Nia Clouden,Nike PG 6,0,0,1,0,0,6
2023-05-19,Nneka Ogwumike,adidas Exhibit Select,17,4,3,3,1,27
2023-05-19,Sug Sutton,Nike Ja 1,10,3,3,1,0,26
2023-05-19,Zia Cooke,adidas Dame Certified,14,2,2,1,0,14
2023-05-19,Amanda Zahui B.,adidas BYW Select,0,0,0,0,0,6
2023-05-19,Ariel Atkins,Nike LeBron XX,14,3,2,1,0,26
2023-05-19,Betnijah Laney,adidas Harden Vol. 7,10,2,2,1,0,26
2023-05-19,Breanna Stewart,Puma Stewie 2,12,12,3,2,0,34
2023-05-19,Brittney Sykes,Nike Kobe 6,9,9,3,5,0,29
2023-05-19,Courtney Vandersloot,Nike Air Zoom G.T. Cut 2,8,2,6,2,0,26
2023-05-19,Elena Delle Donne,Nike Air Deldon 1,13,4,5,2,1,33
2023-05-19,Epiphanny Prince,Nike Kobe 6,2,2,0,0,0,13
2023-05-19,Han Xu,Nike Air Zoom G.T. Cut 2,0,0,0,0,0,4
2023-05-19,Jocelyn Willoughby,Nike Kyrie Infinity (Kyrie 8),0,0,1,1,0,5
2023-05-19,Jonquel Jones,Nike KD 15,5,5,3,1,1,18
2023-05-19,Kayla Thornton,New Balance Two WXY 3,7,5,1,0,0,18
2023-05-19,Kristi Toliver,Nike Kobe 6,10,1,1,1,0,12
2023-05-19,Li Meng,Nike LeBron XX,0,0,0,0,0,0
2023-05-19,Natasha Cloud,Converse All Star BB Shift,14,6,6,1,2,31
2023-05-19,Sabrina Ionescu,Nike Kobe IV Protro,18,8,2,1,0,33
2023-05-19,Shakira Austin,Nike LeBron XX,6,3,3,0,1,24
2023-05-19,Shatori Walker-Kimbrough,Nike Air Deldon 1,6,2,2,2,0,18
2023-05-19,Stefanie Dolson,Jordan Luka 1,2,4,0,0,1,17
2023-05-19,Tianna Hawkins,Nike Air Deldon 1,8,4,1,1,0,15
2023-05-19,Aliyah Boston,adidas Exhibit Select,15,9,1,1,1,24
2023-05-19,Alyssa Thomas,Nike Kobe IV Protro,18,11,6,3,2,38
2023-05-19,Brionna Jones,Nike KD 14,13,9,0,2,1,26
2023-05-19,DeWanna Bonner,Nike Zoom Freak 4,19,7,0,1,1,31
2023-05-19,DiJonai Carrington,Nike Air Zoom G.T. Cut,0,0,0,0,0,1
2023-05-19,Emma Cannon,Air Jordan 11 Retro,4,0,0,0,0,2
2023-05-19,Erica Wheeler,adidas Agent Gil,0,3,5,1,0,30
2023-05-19,Kelsey Mitchell,Nike KD 14,20,2,4,2,0,37
2023-05-19,Kristy Wallace,Nike LeBron XX,5,2,0,1,0,11
2023-05-19,Leigha Brown,Jordan Luka 1,0,1,1,0,0,2
2023-05-19,Lexie Hull,Nike Air Zoom G.T. Cut 2,2,1,0,0,0,3
2023-05-19,Maya Caldwell,Nike Kobe 6,3,2,3,1,0,24
2023-05-19,NaLyssa Smith,Puma MB.02 Low,6,9,1,0,0,27
2023-05-19,Natisha Hiedeman,Air Jordan 36,7,3,4,1,0,34
2023-05-19,Olivia Nelson-Ododa,Nike Kyrie Low 4,3,2,0,0,2,13
2023-05-19,Queen Egbo,Nike KD 15,3,6,0,0,3,14
2023-05-19,Rebecca Allen,Nike LeBron XX,5,1,0,1,0,10
2023-05-19,Tiffany Hayes,Nike Kyrie Low 5,5,4,1,1,0,22
2023-05-19,Tyasha Harris,Under Armour Curry 2 Low FloTro,0,5,3,1,0,17
2023-05-19,Victaria Saxton,Nike KD 15,0,0,0,0,0,0
2023-05-19,Victoria Vivians,Nike Giannis Immortality 2,3,1,1,3,1,21
2023-05-19,Al Horford,Nike PG 6,2,4,2,0,2,28
2023-05-19,Bam Adebayo,Air Jordan 37 Low,22,17,9,0,0,38
2023-05-19,Caleb Martin,Nike KD 14,25,4,0,1,1,32
2023-05-19,Cody Zeller,Air Jordan 37,2,6,0,0,1,9
2023-05-19,Derrick White,Nike LeBron XX,11,1,1,0,2,23
2023-05-19,Duncan Robinson,Nike KD 14,15,1,1,1,0,20
2023-05-19,Gabe Vincent,Nike LeBron XX,9,2,0,2,0,40
2023-05-19,Grant Williams,Jordan Luka 1,9,2,2,0,1,25
2023-05-19,Jaylen Brown,Nike Kobe V,16,4,3,0,0,37
2023-05-19,Jayson Tatum,Jordan Tatum 1,34,13,8,0,0,42
2023-05-19,Jimmy Butler,Li-Ning JB1,27,8,6,3,2,40
2023-05-19,Kevin Love,Nike Air Zoom G.T. Run,0,5,2,1,0,14
2023-05-19,Kyle Lowry,adidas CrazyLight Boost 2016 Low,0,1,5,1,1,17
2023-05-19,Malcolm Brogdon,Nike Zoom Freak 1,13,4,2,1,2,26
2023-05-19,Marcus Smart,Puma TRC Blaze,7,4,3,0,0,32
2023-05-19,Max Strus,Nike Air Zoom G.T. Cut,11,1,0,0,0,26
2023-05-19,Robert Williams III,Nike LeBron 18 Low,13,3,1,1,2,23
2023-05-19,Adam Hanga,Nike Kyrie Low 4,0,6,2,0,1,19
2023-05-19,Alex Abrines,adidas D.O.N. Issue 4,16,4,0,2,1,18
2023-05-19,Anthony Randolph,adidas Pro Bounce 2019 Low,6,2,0,0,0,6
2023-05-19,Dzanan Musa,adidas Trae Young 2.0,7,2,2,0,0,20
2023-05-19,Eli Ndiaye,Jordan Luka 1,2,2,0,0,1,7
2023-05-19,Fabien Causeur,Nike Kyrie Low 5,0,0,0,0,0,7
2023-05-19,James Nnaji,Jordan Westbrook One Take,1,2,1,0,1,8
2023-05-19,Jan Vesely,adidas Dame 8,4,6,1,1,0,13
2023-05-19,Kyle Kuric,Nike LeBron XX,11,2,0,3,0,23
2023-05-19,Mario Hezonja,Nike Kobe 6,14,9,0,2,0,33
2023-05-19,Nicolas Laprovittola,Nike Kobe V,12,3,3,1,0,28
2023-05-19,Nigel Williams-Goss,Nike KD 13,10,1,2,0,0,25
2023-05-19,Nikola Kalinic,Nike Zoom Freak 4,6,2,0,0,0,17
2023-05-19,Nikola Mirotic,Nike Zoom Freak 4,3,1,1,1,1,28
2023-05-19,Rokas Jokubaitis,Nike KD 15,6,2,3,0,0,12
2023-05-19,Rudy Fernandez,Air Jordan 37,2,4,0,2,0,17
2023-05-19,Sergi Martinez,Nike Kobe IV Protro,0,1,1,0,0,2
2023-05-19,Sergio Llull,Jordan Luka 1,5,0,5,0,0,12
2023-05-19,Sergio Rodriguez,adidas D.O.N. Issue 4,12,0,5,2,0,15
2023-05-19,Sertac Sanli,adidas Dame 8,0,3,0,0,0,16
2023-05-19,Tomas Satoransky,adidas Dame 7 EXTPLY,7,11,3,0,0,30
2023-05-19,Walter Tavares,Nike Zoom Rize 2,20,15,1,0,4,33
2020-01-31,Malik Beasley,Nike Hyperdunk 2017 Flyknit,16,4,1,2,0,26
2020-01-31,Michael Porter Jr.,Puma Clyde Hardwood,15,11,1,1,2,25
2020-01-31,Robin Lopez,Nike Zoom Rize,5,1,0,0,0,8
2020-01-31,Sterling Brown,Puma Clyde Hardwood,5,7,0,0,0,19
2020-01-31,Kyrie Irving,Nike Kyrie Low 2,54,5,5,1,0,31
2020-01-31,Lonzo Ball,Nike Kobe 9 Low,19,6,8,1,0,33
2020-01-31,Yuta Watanabe,Nike PG 3,0,0,0,0,0,6
2020-01-30,Tristan Thompson,Nike LeBron Soldier 13,2,12,1,0,0,26
2020-01-30,Davis Bertans,Nike Zoom KD12,6,4,1,0,0,28
2020-01-30,Gary Payton II,Nike Kobe Ad,2,4,1,0,0,15
2020-01-30,Marvin Williams,Nike Kobe Ad,2,0,2,0,1,15
2020-01-30,James Ennis III,Nike Kobe AD NXT 360,2,0,1,1,0,6
2020-01-30,Jeff Teague,Nike Zoom Freak 1,4,1,2,0,0,13
2020-01-30,Joel Embiid,Under Armour HOVR Havoc 2,21,14,3,0,1,34
2020-01-30,John Collins,adidas Pro Model 2G,17,20,0,0,0,33
2020-01-30,Kevin Huerter,Nike Zoom KD12,12,2,2,1,0,32
2020-01-30,Tobias Harris,Nike Kobe V,21,9,4,0,0,35
2020-01-30,Trae Young,adidas N3XT L3V3L,39,6,18,2,0,38
2020-01-30,Zhaire Smith,Puma Clyde Hardwood,1,1,1,1,0,8
2020-01-30,Patrick Beverley,adidas Harden Vol. 4,11,1,5,1,1,24
2020-01-30,Patrick Patterson,Nike Kobe AD NXT,2,1,0,0,0,8
2020-01-30,Paul George,Nike Kobe IV Protro,8,4,4,0,0,19
2020-01-30,Rodney McGruder,Nike Kyrie 5,6,3,1,0,0,20
2020-01-30,Michael Porter Jr.,Puma Clyde Hardwood,12,12,2,1,1,25
2020-01-30,Alec Burks,adidas Dame 6,18,4,0,1,0,24
2020-01-30,Kemba Walker,Air Jordan XXXIV,13,4,5,2,0,31
2020-01-29,Malcolm Brogdon,Nike Zoom Freak 1,15,8,9,3,0,35
2020-01-29,Thaddeus Young,Nike Kobe IV Protro,16,2,2,1,0,35
2020-01-29,Tomas Satoransky,adidas Dame 5,11,4,4,2,0,35
2020-01-29,Zach LaVine,adidas Pro Model 2G,20,4,9,1,0,44
2020-01-29,Dzanan Musa,adidas Dame 6,0,0,0,0,0,0
2020-01-29,Garrett Temple,Nike Zoom KD12,10,1,5,0,0,24
2020-01-29,Bojan Bogdanovic,adidas Pro Bounce 2019 Low,17,9,4,0,0,33
2020-01-29,Donovan Mitchell,adidas D.O.N. Issue 1,31,1,4,1,0,33
2020-01-29,Royce O'Neale,Nike Kobe Ad,8,7,4,0,0,29
2020-01-29,Rudy Gobert,Nike Air Max Dominate,17,19,0,0,0,32
2020-01-29,Bobby Portis,Nike Zoom Freak 1,4,1,1,0,0,14
2020-01-29,Damyean Dotson,Nike Zoom Freak 1,15,0,1,0,0,24
2020-01-29,Dennis Smith Jr.,Under Armour Anatomix Spawn Low 2019,8,2,4,2,0,13
2020-01-29,Dillon Brooks,Nike Hyperdunk 2016,27,2,0,0,0,31
2020-01-29,Ja Morant,Nike Kyrie 4,18,3,10,2,1,27
2020-01-29,Taj Gibson,Nike Kyrie 5,2,2,0,0,1,10
2020-01-29,James Harden,adidas Harden Vol. 4,18,5,4,2,2,38
2020-01-29,Abdel Nader,Nike Kobe V,0,0,0,0,0,2
2020-01-29,Chris Paul,Jordan CP3.XII,9,7,10,1,0,26
2020-01-29,Nerlens Noel,Nike PG 3,12,5,0,4,1,20
2020-01-29,Shai Gilgeous-Alexander,Nike Kobe XI Low,17,7,7,1,2,38
2020-01-28,Julius Randle,Nike PG 1,24,5,2,1,0,36
2020-01-28,Damion Lee,Under Armour Curry 7,6,1,1,0,0,26
2020-01-28,Draymond Green,Nike Kobe 1 Protro,9,9,12,1,3,33
2020-01-28,Eric Paschall,Nike Kobe XI Low,4,3,0,0,0,11
2020-01-28,Kevin Love,Nike Zoom Rize,12,6,3,0,0,26
2020-01-28,Kevin Porter Jr.,Puma Clyde Hardwood,21,2,2,1,0,25
2020-01-28,Jeff Teague,Nike Air Zoom Generation (LeBron 1),5,3,5,4,0,20
2020-01-28,John Collins,adidas Pro Model 2G,28,12,0,0,1,33
2020-01-28,Matt Thomas,Nike Kobe IV Protro,5,2,2,0,0,11
2020-01-28,Norman Powell,Nike Kobe IV Protro,6,2,1,4,0,23
2020-01-28,O.G. Anunoby,Nike Kobe V,4,6,3,1,3,26
2020-01-28,Oshae Brissett,Nike Kobe V,0,1,0,0,0,2
2020-01-28,Boban Marjanovic,Nike Zoom Rize,5,1,0,0,0,4
2020-01-28,Cheick Diallo,Jordan Jumpman Diamond Mid,0,1,0,0,0,4
2020-01-28,Dario Saric,Nike Kyrie Low 2,8,4,2,1,1,22
2020-01-28,Deandre Ayton,Puma Clyde Hardwood,31,9,1,2,1,29
2020-01-28,Devin Booker,Nike Kobe IV Protro,32,6,9,2,0,30
2020-01-28,Elie Okobo,Nike Kobe IV Protro,0,1,1,0,0,4
2020-01-28,Luka Doncic,Jordan Jumpman Diamond Low,21,6,2,1,0,25
2020-01-28,Maxi Kleber,Nike Zoom Rize,6,5,2,0,0,19
2020-01-28,Ryan Broekhoff,Nike Zoom Rize,5,1,0,0,0,8
2020-01-28,Seth Curry,Under Armour Curry 7,4,4,1,0,0,19
2020-01-28,George Hill,Nike Kobe IV Protro,2,1,3,0,0,21
2020-01-28,Khris Middleton,Nike Air Force Max Low,51,10,6,0,0,35
2020-01-28,Torrey Craig,Nike Kobe 7,5,2,0,0,1,17
2020-01-27,Andre Drummond,Nike Air Force Max Low,15,8,4,3,2,32
2020-01-27,Darius Garland,Nike Kyrie 5,6,0,4,0,0,25
2020-01-27,Dean Wade,Under Armour Anatomix Spawn 2,0,0,0,0,0,1
2020-01-27,Reggie Jackson,Nike PG 3,16,2,2,1,0,25
2020-01-27,Sekou Doumbouya,adidas Dame 6,8,4,0,0,2,35
2020-01-27,Tyler Cook,Nike Kobe V,0,0,0,0,0,1
2020-01-27,Austin Rivers,adidas Crazy BYW X 2.0,21,4,1,1,2,40
2020-01-27,Bojan Bogdanovic,adidas Pro Bounce 2019 Low,30,1,2,0,0,34
2020-01-27,Donovan Mitchell,adidas D.O.N. Issue 1,36,3,4,3,0,36
2020-01-27,Georges Niang,Nike Kobe 1 Protro,5,4,3,2,0,14
2020-01-27,Joe Ingles,Nike Kobe AD Mid,7,2,6,0,0,33
2020-01-27,Jordan Clarkson,Nike Kobe IV Protro,8,1,0,0,1,21
2020-01-27,Mike Conley,Air Jordan 11 Retro,10,3,4,0,0,24
2020-01-27,P.J. Tucker,Nike Kyrie 4,9,10,5,1,1,32
2020-01-27,Royce O'Neale,Nike Kobe V,3,6,5,0,0,26
2020-01-27,Rudy Gobert,Nike Air Max Dominate,12,14,0,1,2,37
2020-01-27,Thabo Sefolosha,Nike Air Max 90,9,3,1,2,0,25
2020-01-27,Tony Bradley,Nike Kyrie 6,6,4,0,1,0,10
2020-01-27,Danilo Gallinari,adidas Harden Vol. 4,14,5,6,1,0,31
2020-01-27,Dorian Finney-Smith,Nike Kyrie Low 2,2,8,0,0,0,28
2020-01-27,Andrew Wiggins,Nike Kobe Ad,36,9,8,0,1,42
2020-01-27,De'Aaron Fox,Nike Kyrie 6,22,7,8,1,2,37
2020-01-27,Dewayne Dedmon,Air Jordan 10,2,4,0,0,3,15
2020-01-27,Gorgui Dieng,Nike Kobe AD Mid,5,2,1,0,2,7
2020-01-27,Harrison Barnes,Air Jordan XXXIV,12,4,2,0,0,38
2020-01-27,Robert Covington,Nike Kobe Ad,24,7,0,0,0,27
2020-01-27,Shabazz Napier,Nike Kobe IV Protro,10,6,8,2,1,31
2020-01-27,Chris Silva,Nike Kobe AD Mid,0,0,0,0,0,1
2020-01-27,Derrick Jones Jr.,Nike Kobe IV Protro,8,2,1,0,0,22
2020-01-27,Dion Waiters,Nike Zoom Freak 1,3,2,2,0,0,5
2020-01-27,Khem Birch,Nike Zoom Freak 1,7,4,0,1,0,26
2020-01-27,Markelle Fultz,Nike LeBron 17,12,4,7,2,0,29
2020-01-27,Bryn Forbes,Nike Kobe IV Protro,2,2,5,0,0,22
2020-01-27,Chimezie Metu,Nike Kobe IV Protro,4,3,0,0,1,11
2020-01-27,Kris Dunn,adidas Pro Vision,10,6,8,3,1,35
2020-01-27,Luke Kornet,Nike LeBron 16 SB,12,9,3,1,1,30
2020-01-27,Patty Mills,Under Armour Anatomix Spawn 2,25,1,2,2,0,28
2020-01-26,Eric Gordon,adidas Pro Bounce 2019 Low,19,3,1,1,1,35
2020-01-26,DeMar DeRozan,Nike Kobe V,14,6,7,0,0,34
2020-01-26,Derrick White,Nike Kobe Ad,14,4,4,0,4,28
2020-01-26,Jakob Poeltl,Nike Hyperdunk X,11,7,0,0,2,13
2020-01-26,Matt Thomas,Nike Kobe AD Mid,0,0,1,0,0,2
2020-01-26,Norman Powell,Nike Kobe IV Protro,7,3,2,1,0,22
2020-01-26,O.G. Anunoby,Nike Air Force Max Low,10,5,3,1,1,23
2020-01-26,Pascal Siakam,Nike Zoom KD12,35,8,3,1,0,37
2020-01-26,Anzejs Pasecniks,Under Armour Curry 7,5,2,0,0,2,15
2020-01-26,Bradley Beal,Nike Hyperdunk X Low,40,3,6,1,0,38
2020-01-26,Jeff Teague,Nike Kobe IV Protro,4,3,5,0,0,24
2020-01-26,John Collins,adidas Pro Model 2G,16,8,2,0,1,22
2020-01-26,Kevin Huerter,Nike Zoom KD12,18,6,2,2,0,38
2020-01-26,Thomas Bryant,Nike Kobe 1 Protro,11,5,0,0,0,18
2020-01-26,Mitchell Robinson,Nike Zoom Freak 1,12,5,1,0,2,17
2020-01-26,Reggie Bullock,Nike Kyrie 6,10,5,1,1,0,31
2020-01-26,Taj Gibson,Nike Kyrie 5,11,7,0,0,2,23
2020-01-26,Gordon Hayward,Anta Gordon Hayward GH1,23,6,2,1,0,37
2020-01-26,Lonzo Ball,Nike Kobe 9 Low,8,6,15,1,1,36
2020-01-26,Nicolo Melli,adidas Pro Vision,3,3,1,0,0,7
2020-01-26,Zion Williamson,Air Jordan XXXIV,21,11,2,1,0,27
2020-01-26,Dillon Brooks,Nike Kyrie 6,20,5,4,3,2,36
2020-01-26,Elie Okobo,Nike Kobe IV Protro,0,1,0,1,0,6
2020-01-26,Ja Morant,Nike Kobe V,23,5,8,1,0,33
2020-01-26,Aaron Gordon,Nike Kyrie 6,10,10,5,1,0,33
2020-01-26,Johnathan Motley,Nike Kobe AD NXT,2,1,0,0,0,1
2020-01-26,Kawhi Leonard,New Balance OMN1S,31,14,7,1,1,33
2020-01-26,Landry Shamet,Nike Zoom KD12,19,3,3,0,0,35
2020-01-26,Melvin Frazier Jr.,unspecified sneaker,0,0,0,1,0,1
2020-01-26,Michael Carter-Williams,Nike Zoom Freak 1,15,7,8,0,0,22
2020-01-26,Mo Bamba,Under Armour HOVR Havoc 2,10,4,1,1,3,20
2020-01-25,Al Horford,Nike Zoom Rize,16,6,1,1,0,34
2020-01-25,Danny Green,Puma Clyde Hardwood,2,5,1,2,0,31
2020-01-25,Dwight Howard,Nike Kobe Ad,2,5,0,0,0,16
2020-01-25,Raul Neto,Nike Zoom Freak 1,9,2,3,1,1,18
2020-01-25,Shake Milton,Nike Kobe 6,7,9,3,1,0,25
2020-01-25,Karl-Anthony Towns,Nike Hyperdunk X,37,8,6,2,2,35
2020-01-25,Keita Bates-Diop,Nike Kobe IV Protro,11,2,2,0,0,19
2020-01-25,Shai Gilgeous-Alexander,Nike Kobe XI Low,11,7,2,1,2,34
2020-01-25,Steven Adams,adidas D Rose 7,0,1,2,0,4,23
2020-01-25,Collin Sexton,Nike Zoom KD12,18,2,3,1,0,33
2020-01-25,Dante Exum,Nike Kobe IV Protro,4,3,5,0,0,22
2020-01-25,Darius Garland,Nike Kyrie 5,13,0,0,1,0,34
2020-01-25,Luke Kornet,Nike LeBron 16 SB,6,1,1,0,1,25
2020-01-25,Bruce Brown,Nike Kyrie 6,17,5,5,0,0,36
2020-01-25,Christian Wood,Nike Kobe V,10,4,0,0,1,21
2020-01-25,Derrick Rose,adidas Rose 10,27,4,6,2,0,36
2020-01-25,Jarrett Allen,Nike Kyrie 3,20,15,1,1,4,39
2020-01-25,Joe Harris,Nike Kobe Ad,16,6,2,0,0,36
2020-01-25,Jordan Bone,Nike Kobe IV Protro,0,0,0,0,0,2
2020-01-25,Kyrie Irving,Nike Kyrie Low 2,45,6,7,0,0,40
2020-01-25,Donovan Mitchell,adidas D.O.N. Issue 1,25,8,5,2,0,36
2020-01-24,Aaron Holiday,Nike Zoom KD12,12,2,7,1,1,29
2020-01-24,Elie Okobo,Nike Kobe IV Protro,0,4,1,0,0,19
2020-01-24,Patty Mills,Under Armour Anatomix Spawn 2,7,4,2,2,0,29
2020-01-24,Rudy Gay,Puma Clyde Hardwood,6,3,0,0,0,14
2020-01-24,Trey Lyles,Nike Kobe 6,3,8,0,0,0,18
2020-01-24,Alex Len,Nike Kyrie 6,0,4,0,1,3,14
2020-01-24,Danilo Gallinari,adidas Harden Vol. 4,25,6,3,1,0,28
2020-01-24,Darius Bazley,New Balance OMN1S Low,11,5,1,0,1,19
2020-01-24,Dennis Schroder,Nike Zoom KD12,21,3,8,0,0,31
2020-01-24,Josh Hart,Nike Kobe V,15,13,2,2,1,27
2020-01-24,Jrue Holiday,Nike Kyrie 5,12,6,9,3,1,38
2020-01-24,PJ Dozier,Nike Kyrie Low 2,3,0,1,1,0,7
2020-01-24,Torrey Craig,Air Jordan 10,15,10,2,0,1,34
2020-01-24,Robert Covington,Nike Kobe Ad,10,7,1,0,2,29
2020-01-24,Shabazz Napier,Nike Kobe IV Protro,9,5,5,1,0,24
2020-01-24,Devonte' Graham,Air Jordan XXXIV,19,7,4,1,0,31
2020-01-24,Brandon Clarke,Nike PG 2.5,15,11,1,1,1,25
2020-01-24,De'Anthony Melton,Nike Kobe AD NXT 2017,14,4,5,0,0,24
2020-01-24,Markieff Morris,Nike LeBron 17,9,5,1,0,0,28
2020-01-24,Reggie Jackson,Nike PG 3,14,3,6,2,0,23
2020-01-24,Sekou Doumbouya,adidas Dame 6,5,3,1,1,0,22
2020-01-24,Solomon Hill,Nike PG 4,8,1,1,1,0,13
2020-01-24,Tyus Jones,Nike Kyrie 6,2,1,0,0,0,14
2020-01-24,Aaron Gordon,Nike Kyrie 6,12,4,2,0,0,38
2020-01-24,Daniel Theis,Nike Zoom KD12,16,6,4,0,1,32
2020-01-24,Gordon Hayward,Anta Gordon Hayward GH1,22,14,5,1,0,37
2020-01-24,Grant Williams,Nike Zoom Freak 1,9,4,3,1,2,23
2020-01-24,Michael Carter-Williams,Nike Zoom Freak 1,8,2,2,1,0,13
2020-01-24,Mo Bamba,Under Armour HOVR Havoc 2,5,2,0,0,0,13
2020-01-24,Nikola Vucevic,Nike Zoom Freak 1,17,12,4,1,0,34
2020-01-24,Vincent Poirier,Nike Kobe IV Protro,0,2,1,0,1,10
2020-01-24,Bobby Portis,Nike Zoom Freak 1,12,4,3,0,0,27
2020-01-24,Damyean Dotson,Nike Zoom Freak 1,21,1,0,1,0,27
2020-01-24,Elfrid Payton,Nike Kobe IV Protro,13,4,11,2,0,34
2020-01-24,Frank Ntilikina,Nike Kyrie Low 2,2,3,3,0,0,13
2020-01-24,Marc Gasol,Nike Hyperdunk X,6,9,4,0,0,30
2020-01-24,Norman Powell,Nike Kobe IV Protro,16,2,3,1,0,25
2020-01-24,James Johnson,Nike Kobe IV Protro,0,2,1,1,0,11
2020-01-24,Jimmy Butler,Jordan Jumpman Diamond Low,20,8,7,0,0,29
2020-01-24,Kelly Olynyk,Nike Air Force Max II,19,9,2,0,0,22
2020-01-24,Montrezl Harrell,Jordan 2009 (24),15,11,4,1,1,29
2020-01-24,Patrick Patterson,Nike Shox BB4,12,1,0,0,0,12
2020-01-23,Isaiah Thomas,Nike Kobe IV Protro,13,3,4,0,1,22
2020-01-23,Ish Smith,Nike Kyrie 5,17,4,5,2,0,25
2020-01-23,Dorian Finney-Smith,Nike Kyrie Low 2,11,10,0,1,2,32
2020-01-23,Trevor Ariza,Nike Kobe IV Protro,21,7,2,2,0,35
2020-01-23,Kentavious Caldwell-Pope,Nike Zoom Freak 1,11,2,1,0,0,28
2020-01-23,Timothe Luwawu-Cabarrot,Air Jordan 11 Low IE,0,1,0,0,0,4
2020-01-22,Anthony Tolliver,Under Armour Anatomix Spawn 2,0,0,1,0,0,6
2020-01-22,Bogdan Bogdanovic,Nike Kobe IV Protro,19,2,3,0,0,25
2020-01-22,Buddy Hield,Nike Kobe V,14,4,5,2,0,28
2020-01-22,Cory Joseph,Nike PG 2.5,3,2,1,1,0,16
2020-01-22,Markieff Morris,Nike LeBron 17,13,11,1,0,0,26
2020-01-22,Reggie Jackson,Nike PG 3,22,3,4,2,0,19
2020-01-22,Yogi Ferrell,adidas Marquee Boost Low,2,0,0,0,0,7
2020-01-22,Darius Bazley,New Balance OMN1S Low,2,1,1,0,2,16
2020-01-22,Markelle Fultz,Nike LeBron 17,11,5,6,0,0,31
2020-01-22,Michael Carter-Williams,Nike Zoom Freak 1,15,2,3,1,1,19
2020-01-22,Mo Bamba,Under Armour HOVR Havoc 2,2,2,1,0,1,13
2020-01-22,Fred VanVleet,AND1 Attack 2.0,22,5,8,1,0,41
2020-01-22,Kyle Lowry,adidas Harden Vol. 4,16,3,4,0,0,35
2020-01-22,Landry Shamet,Nike Zoom KD12,13,2,0,2,1,36
2020-01-22,Lou Williams,Peak Taichi Flash,18,6,7,0,0,34
2020-01-22,Rayjon Tucker,adidas D.O.N. Issue 1,6,1,0,0,0,7
2020-01-22,Royce O'Neale,Nike Kobe Ad,4,9,6,0,0,26
2020-01-22,Rudy Gobert,Nike Air Max Dominate,22,15,2,1,3,30
2020-01-22,Jaxson Hayes,Nike Zoom KD12,9,3,1,0,1,15
2020-01-22,Lonnie Walker IV,adidas Harden Vol. 4,6,1,0,1,0,13
2020-01-22,De'Anthony Melton,Nike Kobe AD NXT 2017,8,1,3,1,1,21
2020-01-22,Dillon Brooks,Nike PG 1,6,3,0,0,0,18
2020-01-22,Kemba Walker,Air Jordan XXXIV,8,3,4,2,2,25
2020-01-22,Marcus Smart,Puma Clyde Hardwood,12,6,6,1,0,29
2020-01-22,Solomon Hill,Nike PG 4,13,2,2,1,0,21
2020-01-22,Tyus Jones,Nike Kyrie 6,3,1,4,0,0,17
2020-01-22,Derrick Jones Jr.,Nike Kobe 6,6,4,0,0,1,28
2020-01-22,Duncan Robinson,Nike Zoom KD12,13,2,0,0,0,15
2020-01-22,Gary Payton II,Nike Kyrie 6,2,1,2,2,0,14
2020-01-22,Ian Mahinmi,Nike Kobe Ad,10,10,4,1,2,34
2020-01-22,Isaac Bonga,Nike PG 2.5,5,2,0,2,0,19
2020-01-22,Isaiah Thomas,Nike Kobe IV Protro,14,4,3,1,0,24
2020-01-22,Aaron Holiday,Nike PG 4,7,2,2,1,0,19
2020-01-22,T.J. McConnell,Under Armour HOVR Havoc 2,10,4,11,3,1,26
2020-01-22,T.J. Warren,Nike Kyrie Low 1,25,3,0,3,1,30
2020-01-22,Austin Rivers,adidas Crazy BYW X,11,4,1,2,0,21
2020-01-22,Ben McLemore,Nike Kobe IV Protro,2,1,1,0,0,17
2020-01-22,Chris Clemons,unspecified sneaker,2,0,1,0,0,3
2020-01-22,Jarred Vanderbilt,Nike Zoom Freak 1,2,1,0,0,0,7
2020-01-22,Jerami Grant,Nike Kobe 9 High Elite,17,7,1,3,2,34
2020-01-22,Vlatko Cancar,unspecified sneaker,3,1,1,1,0,3
2020-01-22,Will Barton,Under Armour HOVR Havoc 2,8,3,6,2,1,38
2020-01-22,Allen Crabbe,adidas Pro Bounce 2019 Low,5,2,0,0,0,20
2020-01-22,Andrew Wiggins,Nike Kobe Ad,25,5,9,1,0,35
2020-01-22,Gorgui Dieng,Nike Kobe AD Mid,3,7,1,2,1,16
2020-01-22,Luke Kornet,Nike LeBron 16 SB,15,3,2,1,1,17
2020-01-22,Robert Covington,Nike Kobe Ad,9,7,1,0,1,31
2020-01-22,Ryan Arcidiacono,Nike Zoom Freak 1,1,1,4,0,0,14
2020-01-22,Frank Ntilikina,Nike Kyrie Low 2,0,2,1,0,0,12
2020-01-22,JaVale McGee,Nike Hyperdunk X,6,5,0,0,0,16
2020-01-22,Kentavious Caldwell-Pope,Nike Zoom Freak 1,13,4,2,0,0,26
2020-01-22,Kyle Kuzma,Puma Clyde Hardwood,10,7,1,0,2,27
2020-01-20,Alec Burks,adidas Dame 6,33,7,8,1,2,39
2020-01-20,D'Angelo Russell,Li-Ning Wade All City 8,27,8,9,0,0,39
2020-01-20,Damion Lee,Under Armour Curry 6,4,9,4,1,0,39
2020-01-20,Davis Bertans,Nike Zoom KD12,8,3,0,0,1,22
2020-01-20,Gary Payton II,Nike Kyrie 6,6,4,3,4,0,19
2020-01-20,Ian Mahinmi,Nike Kobe Ad,21,7,1,2,3,23
2020-01-20,Isaac Bonga,Nike PG 2.5,2,3,0,2,0,22
2020-01-20,Langston Galloway,Q4 495 LO,6,5,4,2,0,26
2020-01-20,Markieff Morris,Nike LeBron 17,10,2,0,0,0,17
2020-01-20,Aaron Holiday,Nike Zoom KD12,12,0,1,0,0,20
2020-01-20,Joe Ingles,Nike Kobe AD Mid,6,5,7,1,0,26
2020-01-20,Jordan Clarkson,Nike Zoom Freak 1,7,7,2,0,0,23
2020-01-20,Malcolm Brogdon,Nike Zoom Freak 1,5,4,5,0,0,22
2020-01-20,Myles Turner,Nike PG 1,12,5,0,6,0,26
2020-01-20,T.J. McConnell,Under Armour HOVR Havoc 2,6,2,10,2,1,22
2020-01-20,Brandon Goodwin,Nike Kobe IV Protro,0,1,0,0,0,2
2020-01-20,Bruno Fernando,Nike LeBron 16 Low,12,4,0,1,0,16
2020-01-20,Fred VanVleet,AND1 Attack 2.0,20,4,2,3,0,26
2020-01-20,John Collins,adidas Pro Model 2G,17,11,0,0,3,37
2020-01-20,Kevin Huerter,Nike Zoom KD12,9,7,3,0,1,29
2020-01-20,Kyle Lowry,adidas Harden Vol. 4,10,4,7,1,1,29
2020-01-20,Terence Davis,AND1 Attack 2.0,12,4,4,0,1,19
2020-01-20,Kelly Oubre Jr.,Converse All Star Pro BB,15,8,1,0,1,36
2020-01-20,Mikal Bridges,Nike Zoom KD12,4,0,2,0,0,32
2020-01-20,Ricky Rubio,adidas D.O.N. Issue 1,15,3,9,2,1,35
2020-01-20,Dzanan Musa,adidas Dame 6,2,0,1,1,0,12
2020-01-20,Garrett Temple,Nike Zoom KD12,2,3,1,1,0,19
2020-01-20,Kyle O'Quinn,Nike Hyperdunk X,3,1,1,0,0,5
2020-01-20,Taurean Prince,Nike Kyrie 6,12,12,1,1,1,30
2020-01-20,Timothe Luwawu-Cabarrot,Air Jordan 11 Low IE,12,1,0,1,0,14
2020-01-20,Aaron Gordon,Nike Kyrie 6,6,6,7,1,0,32
2020-01-20,Malik Monk,Nike PG 3,20,1,2,0,1,21
2020-01-20,Michael Carter-Williams,Nike Zoom Freak 1,5,5,0,1,0,16
2020-01-20,Miles Bridges,Nike PG 4,4,2,1,0,1,27
2020-01-20,Mo Bamba,Under Armour HOVR Havoc 2,4,4,1,0,2,14
2020-01-20,Nicolas Batum,Jordan Jumpman Diamond Low,3,6,2,1,0,16
2020-01-20,Nikola Vucevic,Nike Zoom Freak 1,24,10,4,1,0,31
2020-01-20,Terrence Ross,Nike Zoom KD12,19,2,1,2,0,30
2020-01-20,Karl-Anthony Towns,Nike Hyperdunk X,28,8,5,1,1,35
2020-01-20,Keita Bates-Diop,Nike Kobe IV Protro,9,3,0,0,1,15
2020-01-20,Monte Morris,Nike Zoom Freak 1,8,4,8,1,0,35
2020-01-20,Nikola Jokic,Nike Hyperdunk X,17,13,5,1,0,34
2020-01-20,PJ Dozier,Nike Kyrie Low 2,6,3,3,0,0,18
2020-01-20,Darius Garland,Nike Kyrie 5,11,3,3,1,0,35
2020-01-20,Kevin Knox II,Puma Uproar,5,6,0,0,0,15
2020-01-20,Marcus Morris Sr.,Nike Kyrie 5,19,3,0,1,0,29
2020-01-20,Mitchell Robinson,Nike Zoom Freak 1,2,6,0,1,4,27
2020-01-20,Reggie Bullock,Nike Kyrie 6,12,2,0,1,0,29
